date,time,season,comp,round,home_team,away_team,gf_home,ga_home,xg_home,gf_away,ga_away,xg_away,result_home,xg_home_roll5,xg_away_roll5,xg_home_roll10,xg_away_roll10,gf_home_roll5,gf_away_roll5,gf_home_roll10,gf_away_roll10,ga_home_roll5,ga_away_roll5,ga_home_roll10,ga_away_roll10,xg_conceded_home_roll5,xg_conceded_away_roll5,xg_conceded_home_roll10,xg_conceded_away_roll10,avg_goals_for_prev_home,avg_goals_against_prev_home,avg_goals_for_prev_away,avg_goals_against_prev_away,avg_goals_for_curr_home,avg_goals_against_curr_home,avg_goals_for_curr_away,avg_goals_against_curr_away,matches_played_home,matches_played_away,avg_goals_for_home,avg_goals_against_home,avg_goals_for_away,avg_goals_against_away,home_advantage
2024-08-15,21:30 (19:30),2024-2025,La Liga,1,Real Betis,Girona,1.0,1.0,1.4,1.0,1.0,1.6,-1.0,,,,,,,,,,,,,,,,,,,,,1.58,1.28,1.17,1.53,0,0,1.58,1.28,1.17,1.53,0.41
2024-08-15,19:00 (17:00),2024-2025,La Liga,1,Athletic Club,Getafe,1.0,1.0,0.3,1.0,1.0,0.8,0.0,,,,,,,,,,,,,,,,,,,,,1.5,0.78,0.86,1.03,0,0,1.5,0.78,0.86,1.03,0.64
2024-08-16,19:00 (17:00),2024-2025,La Liga,1,Celta Vigo,Alaves,2.0,1.0,0.8,1.0,2.0,1.6,1.0,,,,,,,,,,,,,,,,,,,,,1.56,1.5,0.94,1.22,0,0,1.56,1.5,0.94,1.22,0.62
2024-08-16,20:30 (19:30),2024-2025,La Liga,1,Las Palmas,Sevilla,2.0,2.0,1.4,2.0,2.0,1.8,-1.0,,,,,,,,,,,,,,,,,,,,,1.08,1.58,1.08,1.42,0,0,1.08,1.58,1.08,1.42,0.0
2024-08-17,21:30 (19:30),2024-2025,La Liga,1,Valencia,Barcelona,1.0,2.0,1.0,2.0,1.0,3.2,-1.0,,,,,,,,,,,,,,,,,,,,,1.17,1.39,2.72,1.06,0,0,1.17,1.39,2.72,1.06,-1.55
2024-08-17,19:00 (17:00),2024-2025,La Liga,1,Osasuna,Leganes,1.0,1.0,1.7,1.0,1.0,1.0,-1.0,,,,,,,,,,,,,,,,,,,,,1.28,1.33,1.03,1.39,0,0,1.28,1.33,1.03,1.39,0.25
2024-08-18,19:00 (17:00),2024-2025,La Liga,1,Real Sociedad,Rayo Vallecano,,,,,,,,,,,,,,,,,,,,,,,,,,,,0.83,1.33,1.06,1.17,0,0,0.83,1.33,1.06,1.17,-0.23
2024-08-18,21:30 (19:30),2024-2025,La Liga,1,Mallorca,Real Madrid,1.0,1.0,1.0,1.0,1.0,0.6,-1.0,,,,,,,,,,,,,,,,,,,,,0.89,1.17,1.72,1.06,0,0,0.89,1.17,1.72,1.06,-0.83
2024-08-19,21:30 (19:30),2024-2025,La Liga,1,Villarreal,Atletico Madrid,2.0,2.0,0.8,2.0,2.0,1.1,-1.0,,,,,,,,,,,,,,,,,,,,,1.97,1.33,1.83,0.78,0,0,1.97,1.33,1.83,0.78,0.14
2024-08-19,19:00 (17:00),2024-2025,La Liga,1,Valladolid,Espanyol,1.0,0.0,0.8,0.0,1.0,0.7,1.0,,,,,,,,,,,,,,,,,,,,,0.69,2.36,1.06,1.25,0,0,0.69,2.36,1.06,1.25,-0.37
2024-08-23,21:30 (19:30),2024-2025,La Liga,2,Sevilla,Villarreal,1.0,2.0,1.0,2.0,1.0,0.9,-1.0,1.8,0.8,1.8,0.8,2.0,2.0,2.0,2.0,2.0,2.0,2.0,2.0,1.4,1.1,1.4,1.1,,,,,1.08,1.42,1.97,1.33,1,1,1.08,1.42,1.97,1.33,-0.89
2024-08-23,19:00 (17:00),2024-2025,La Liga,2,Celta Vigo,Valencia,3.0,1.0,1.3,1.0,3.0,0.9,1.0,0.8,1.0,0.8,1.0,2.0,1.0,2.0,1.0,1.0,2.0,1.0,2.0,1.6,3.2,1.6,3.2,,,,,1.56,1.5,1.17,1.39,1,1,1.56,1.5,1.17,1.39,0.39
2024-08-24,21:30 (19:30),2024-2025,La Liga,2,Getafe,Rayo Vallecano,0.0,0.0,0.5,0.0,0.0,0.2,0.0,0.8,,0.8,,1.0,,1.0,,1.0,,1.0,,0.3,,0.3,,,,,,0.86,1.03,1.06,1.17,1,1,0.86,1.03,1.06,1.17,-0.2
2024-08-24,21:30 (19:30),2024-2025,La Liga,2,Espanyol,Real Sociedad,0.0,1.0,1.6,1.0,0.0,0.7,-1.0,0.7,,0.7,,0.0,,0.0,,1.0,,1.0,,0.8,,0.8,,,,,,1.06,1.25,0.83,1.33,1,1,1.06,1.25,0.83,1.33,0.23
2024-08-24,17:00 (15:00),2024-2025,La Liga,2,Osasuna,Mallorca,1.0,0.0,0.6,0.0,1.0,0.6,1.0,1.7,1.0,1.7,1.0,1.0,1.0,1.0,1.0,1.0,1.0,1.0,1.0,1.0,0.6,1.0,0.6,,,,,1.28,1.33,0.89,1.17,1,1,1.28,1.33,0.89,1.17,0.39
2024-08-24,19:00 (17:00),2024-2025,La Liga,2,Barcelona,Athletic Club,2.0,1.0,1.8,1.0,2.0,1.0,1.0,3.2,0.3,3.2,0.3,2.0,1.0,2.0,1.0,1.0,1.0,1.0,1.0,1.0,0.8,1.0,0.8,,,,,2.72,1.06,1.5,0.78,1,1,2.72,1.06,1.5,0.78,1.22
2024-08-25,19:00 (17:00),2024-2025,La Liga,2,Leganes,Las Palmas,2.0,1.0,1.5,1.0,2.0,0.9,1.0,1.0,1.4,1.0,1.4,1.0,2.0,1.0,2.0,1.0,2.0,1.0,2.0,1.7,1.8,1.7,1.8,,,,,1.03,1.39,1.08,1.58,1,1,1.03,1.39,1.08,1.58,-0.05
2024-08-25,21:30 (19:30),2024-2025,La Liga,2,Atletico Madrid,Girona,3.0,0.0,1.2,0.0,3.0,0.7,1.0,1.1,1.6,1.1,1.6,2.0,1.0,2.0,1.0,2.0,1.0,2.0,1.0,0.8,1.4,0.8,1.4,,,,,1.83,0.78,1.17,1.53,1,1,1.83,0.78,1.17,1.53,0.66
2024-08-25,17:00 (15:00),2024-2025,La Liga,2,Real Madrid,Valladolid,,,,,,,,0.6,0.8,0.6,0.8,1.0,1.0,1.0,1.0,1.0,0.0,1.0,0.0,1.0,0.7,1.0,0.7,,,,,1.72,1.06,0.69,2.36,1,1,1.72,1.06,0.69,2.36,1.03
2024-08-25,19:15 (17:15),2024-2025,La Liga,2,Alaves,Real Betis,0.0,0.0,0.2,0.0,0.0,1.5,0.0,1.6,1.4,1.6,1.4,1.0,1.0,1.0,1.0,2.0,1.0,2.0,1.0,0.8,1.6,0.8,1.6,,,,,0.94,1.22,1.58,1.28,1,1,0.94,1.22,1.58,1.28,-0.64
2024-08-26,21:30 (19:30),2024-2025,La Liga,3,Villarreal,Celta Vigo,4.0,3.0,3.6,3.0,4.0,2.7,1.0,0.85,1.05,0.85,1.05,2.0,2.5,2.0,2.5,1.5,1.0,1.5,1.0,1.05,1.25,1.05,1.25,,,,,1.97,1.33,1.56,1.5,2,2,1.97,1.33,1.56,1.5,0.41
2024-08-27,19:00 (17:00),2024-2025,La Liga,3,Mallorca,Sevilla,0.0,0.0,0.9,0.0,0.0,0.7,-1.0,0.8,1.4,0.8,1.4,0.5,1.5,0.5,1.5,1.0,2.0,1.0,2.0,0.6,1.15,0.6,1.15,,,,,0.89,1.17,1.08,1.42,2,2,0.89,1.17,1.08,1.42,-0.19
2024-08-27,21:30 (19:30),2024-2025,La Liga,3,Rayo Vallecano,Barcelona,1.0,2.0,0.4,2.0,1.0,1.4,-1.0,0.2,2.5,0.2,2.5,0.0,2.0,0.0,2.0,0.0,1.0,0.0,1.0,0.5,1.0,0.5,1.0,,,,,1.06,1.17,2.72,1.06,2,2,1.06,1.17,2.72,1.06,-1.66
2024-08-28,21:30 (19:30),2024-2025,La Liga,3,Atletico Madrid,Espanyol,0.0,0.0,2.3,0.0,0.0,0.6,0.0,1.15,1.15,1.15,1.15,2.5,0.0,2.5,0.0,1.0,1.0,1.0,1.0,0.75,0.75,0.75,0.75,,,,,1.83,0.78,1.06,1.25,2,2,1.83,0.78,1.06,1.25,0.77
2024-08-28,19:00 (17:00),2024-2025,La Liga,3,Athletic Club,Valencia,1.0,0.0,1.4,0.0,1.0,0.1,1.0,0.65,0.95,0.65,0.95,1.0,1.0,1.0,1.0,1.5,2.5,1.5,2.5,1.3,2.25,1.3,2.25,,,,,1.5,0.78,1.17,1.39,2,2,1.5,0.78,1.17,1.39,0.33
2024-08-28,19:00 (17:00),2024-2025,La Liga,3,Valladolid,Leganes,0.0,0.0,1.1,0.0,0.0,0.2,-1.0,0.8,1.25,0.8,1.25,1.0,1.5,1.0,1.5,0.0,1.0,0.0,1.0,0.7,1.3,0.7,1.3,,,,,0.69,2.36,1.03,1.39,2,2,0.69,2.36,1.03,1.39,-0.34
2024-08-28,21:30 (19:30),2024-2025,La Liga,3,Real Sociedad,Alaves,,,,,,,,0.7,0.9,0.7,0.9,1.0,0.5,1.0,0.5,0.0,1.0,0.0,1.0,1.6,1.15,1.6,1.15,,,,,0.83,1.33,0.94,1.22,2,2,0.83,1.33,0.94,1.22,-0.11
2024-08-29,19:00 (17:00),2024-2025,La Liga,3,Girona,Osasuna,4.0,0.0,2.4,0.0,4.0,0.0,1.0,1.15,1.15,1.15,1.15,0.5,1.0,0.5,1.0,2.0,0.5,2.0,0.5,1.3,0.8,1.3,0.8,,,,,1.17,1.53,1.28,1.33,2,2,1.17,1.53,1.28,1.33,-0.11
2024-08-29,20:30 (19:30),2024-2025,La Liga,3,Las Palmas,Real Madrid,1.0,1.0,0.8,1.0,1.0,2.5,-1.0,1.15,0.6,1.15,0.6,1.5,1.0,1.5,1.0,2.0,1.0,2.0,1.0,1.65,1.0,1.65,1.0,,,,,1.08,1.58,1.72,1.06,2,2,1.08,1.58,1.72,1.06,-0.64
2024-08-31,21:30 (19:30),2024-2025,La Liga,4,Valencia,Villarreal,1.0,1.0,1.1,1.0,1.0,0.5,-1.0,0.67,1.77,0.67,1.77,0.67,2.67,0.67,2.67,2.0,2.0,2.0,2.0,1.97,1.6,1.97,1.6,,,,,1.17,1.39,1.97,1.33,3,3,1.17,1.39,1.97,1.33,-0.8
2024-08-31,19:00 (17:00),2024-2025,La Liga,4,Athletic Club,Atletico Madrid,0.0,1.0,0.3,1.0,0.0,1.7,-1.0,0.9,1.53,0.9,1.53,1.0,1.67,1.0,1.67,1.0,0.67,1.0,0.67,0.9,0.7,0.9,0.7,,,,,1.5,0.78,1.83,0.78,3,3,1.5,0.78,1.83,0.78,-0.33
2024-08-31,17:00 (15:00),2024-2025,La Liga,4,Barcelona,Valladolid,7.0,0.0,4.7,0.0,7.0,0.5,1.0,2.13,0.95,2.13,0.95,2.0,0.5,2.0,0.5,1.0,0.0,1.0,0.0,0.8,0.45,0.8,0.45,,,,,2.72,1.06,0.69,2.36,3,3,2.72,1.06,0.69,2.36,2.03
2024-08-31,21:30 (19:30),2024-2025,La Liga,4,Leganes,Mallorca,0.0,1.0,0.3,1.0,0.0,1.0,-1.0,0.9,0.83,0.9,0.83,1.0,0.33,1.0,0.33,0.67,0.67,0.67,0.67,1.23,0.63,1.23,0.63,,,,,1.03,1.39,0.89,1.17,3,3,1.03,1.39,0.89,1.17,0.14
2024-08-31,19:15 (17:15),2024-2025,La Liga,4,Espanyol,Rayo Vallecano,2.0,1.0,1.6,1.0,2.0,1.3,1.0,0.97,0.3,0.97,0.3,0.0,0.5,0.0,0.5,0.67,1.0,0.67,1.0,1.27,0.95,1.27,0.95,,,,,1.06,1.25,1.06,1.17,3,3,1.06,1.25,1.06,1.17,0.0
2024-09-01,17:00 (15:00),2024-2025,La Liga,4,Alaves,Las Palmas,2.0,0.0,2.0,0.0,2.0,0.7,1.0,0.9,1.03,0.9,1.03,0.5,1.33,0.5,1.33,1.0,1.67,1.0,1.67,1.15,1.93,1.15,1.93,,,,,0.94,1.22,1.08,1.58,3,3,0.94,1.22,1.08,1.58,-0.14
2024-09-01,21:30 (19:30),2024-2025,La Liga,4,Real Madrid,Real Betis,,,,,,,,1.55,1.45,1.55,1.45,1.0,0.5,1.0,0.5,1.0,0.5,1.0,0.5,0.9,0.9,0.9,0.9,,,,,1.72,1.06,1.58,1.28,3,2,1.72,1.06,1.58,1.28,0.14
2024-09-01,17:00 (15:00),2024-2025,La Liga,4,Osasuna,Celta Vigo,3.0,2.0,0.9,2.0,3.0,1.7,1.0,0.77,1.6,0.77,1.6,0.67,2.67,0.67,2.67,1.67,2.0,1.67,2.0,1.33,2.03,1.33,2.03,,,,,1.28,1.33,1.56,1.5,3,3,1.28,1.33,1.56,1.5,-0.28
2024-09-01,19:15 (17:15),2024-2025,La Liga,4,Getafe,Real Sociedad,0.0,0.0,0.6,0.0,0.0,0.0,0.0,0.65,0.7,0.65,0.7,0.5,1.0,0.5,1.0,0.5,0.0,0.5,0.0,0.25,1.6,0.25,1.6,,,,,0.86,1.03,0.83,1.33,2,3,0.86,1.03,0.83,1.33,0.03
2024-09-01,19:00 (17:00),2024-2025,La Liga,4,Sevilla,Girona,0.0,2.0,0.9,2.0,0.0,1.9,-1.0,1.17,1.57,1.17,1.57,1.0,1.67,1.0,1.67,1.33,1.33,1.33,1.33,1.07,0.87,1.07,0.87,,,,,1.08,1.42,1.17,1.53,3,3,1.08,1.42,1.17,1.53,-0.09
2024-09-13,21:00 (19:00),2024-2025,La Liga,5,Real Betis,Leganes,2.0,0.0,2.1,0.0,2.0,0.1,1.0,1.45,0.75,1.45,0.75,0.5,0.75,0.5,0.75,0.5,0.75,0.5,0.75,0.9,1.18,0.9,1.18,,,,,1.58,1.28,1.03,1.39,3,4,1.58,1.28,1.03,1.39,0.55
2024-09-14,18:30 (16:30),2024-2025,La Liga,5,Sevilla,Getafe,1.0,0.0,1.4,0.0,1.0,1.0,1.0,1.1,0.63,1.1,0.63,0.75,0.33,0.75,0.33,1.5,0.33,1.5,0.33,1.27,0.17,1.27,0.17,,,,,1.08,1.42,0.86,1.03,4,3,1.08,1.42,0.86,1.03,0.22
2024-09-14,16:15 (14:15),2024-2025,La Liga,5,Espanyol,Alaves,3.0,2.0,1.6,2.0,3.0,1.9,1.0,1.12,1.27,1.12,1.27,0.5,1.0,0.5,1.0,0.75,0.67,0.75,0.67,1.27,1.0,1.27,1.0,,,,,1.06,1.25,0.94,1.22,4,4,1.06,1.25,0.94,1.22,0.12
2024-09-14,14:00 (12:00),2024-2025,La Liga,5,Mallorca,Villarreal,1.0,2.0,0.3,2.0,1.0,1.8,-1.0,0.88,1.45,0.88,1.45,0.5,2.25,0.5,2.25,0.5,1.75,0.5,1.75,0.55,1.48,0.55,1.48,,,,,0.89,1.17,1.97,1.33,4,4,0.89,1.17,1.97,1.33,-1.08
2024-09-14,21:00 (19:00),2024-2025,La Liga,5,Real Sociedad,Real Madrid,,,,,,,,0.35,1.55,0.35,1.55,0.5,1.0,0.5,1.0,0.0,1.0,0.0,1.0,1.1,0.9,1.1,0.9,,,,,0.83,1.33,1.72,1.06,4,4,0.83,1.33,1.72,1.06,-0.89
2024-09-15,21:00 (19:00),2024-2025,La Liga,5,Atletico Madrid,Valencia,3.0,0.0,3.1,0.0,3.0,0.1,1.0,1.58,0.78,1.58,0.78,1.5,0.75,1.5,0.75,0.5,1.75,0.5,1.75,0.6,1.6,0.6,1.6,,,,,1.83,0.78,1.17,1.39,4,4,1.83,0.78,1.17,1.39,0.66
2024-09-15,16:15 (14:15),2024-2025,La Liga,5,Girona,Barcelona,1.0,4.0,1.3,4.0,1.0,1.9,-1.0,1.65,2.78,1.65,2.78,1.75,3.25,1.75,3.25,1.0,0.75,1.0,0.75,0.88,0.72,0.88,0.72,,,,,1.17,1.53,2.72,1.06,4,4,1.17,1.53,2.72,1.06,-1.55
2024-09-15,17:30 (16:30),2024-2025,La Liga,5,Las Palmas,Athletic Club,2.0,3.0,1.4,3.0,2.0,1.7,-1.0,0.95,0.75,0.95,0.75,1.0,0.75,1.0,0.75,1.75,1.0,1.75,1.0,1.95,1.1,1.95,1.1,,,,,1.08,1.58,1.5,0.78,4,4,1.08,1.58,1.5,0.78,-0.42
2024-09-15,14:00 (12:00),2024-2025,La Liga,5,Celta Vigo,Valladolid,3.0,1.0,1.8,1.0,3.0,0.5,1.0,1.62,0.8,1.62,0.8,2.5,0.33,2.5,0.33,2.25,2.33,2.25,2.33,1.75,1.87,1.75,1.87,,,,,1.56,1.5,0.69,2.36,4,4,1.56,1.5,0.69,2.36,0.87
2024-09-16,21:00 (19:00),2024-2025,La Liga,5,Rayo Vallecano,Osasuna,3.0,1.0,1.6,1.0,3.0,0.3,1.0,0.63,0.8,0.63,0.8,0.67,1.25,0.67,1.25,1.33,1.75,1.33,1.75,1.17,1.42,1.17,1.42,,,,,1.06,1.17,1.28,1.33,4,4,1.06,1.17,1.28,1.33,-0.22
2024-09-17,19:00 (17:00),2024-2025,La Liga,7,Mallorca,Real Sociedad,1.0,0.0,1.2,0.0,1.0,0.6,1.0,0.76,0.35,0.76,0.35,0.6,0.5,0.6,0.5,0.8,0.0,0.8,0.0,0.8,1.1,0.8,1.1,,,,,0.89,1.17,0.83,1.33,5,5,0.89,1.17,0.83,1.33,0.06
2024-09-18,19:00 (17:00),2024-2025,La Liga,3,Real Betis,Getafe,2.0,1.0,2.6,1.0,2.0,0.6,1.0,1.67,0.72,1.67,0.72,1.0,0.25,1.0,0.25,0.33,0.5,0.33,0.5,0.63,0.48,0.63,0.48,,,,,1.58,1.28,0.86,1.03,4,4,1.58,1.28,0.86,1.03,0.72
2024-09-19,19:00 (17:00),2024-2025,La Liga,7,Leganes,Athletic Club,0.0,2.0,0.9,2.0,0.0,1.3,-1.0,0.62,0.94,0.62,0.94,0.6,1.2,0.6,1.2,1.0,1.2,1.0,1.2,1.36,1.16,1.36,1.16,,,,,1.03,1.39,1.5,0.78,5,5,1.03,1.39,1.5,0.78,-0.47
2024-09-20,21:00 (19:00),2024-2025,La Liga,6,Alaves,Sevilla,2.0,1.0,1.1,1.0,2.0,0.5,1.0,1.42,1.16,1.42,1.16,1.25,0.8,1.25,0.8,1.25,1.2,1.25,1.2,1.15,1.22,1.15,1.22,,,,,0.94,1.22,1.08,1.42,5,5,0.94,1.22,1.08,1.42,-0.14
2024-09-21,14:00 (12:00),2024-2025,La Liga,6,Valladolid,Real Sociedad,0.0,0.0,1.0,0.0,0.0,1.4,-1.0,0.73,0.43,0.73,0.43,0.5,0.33,0.5,0.33,2.5,0.33,2.5,0.33,1.85,1.13,1.85,1.13,,,,,0.69,2.36,0.83,1.33,5,6,0.69,2.36,0.83,1.33,-0.14
2024-09-21,18:30 (16:30),2024-2025,La Liga,6,Valencia,Girona,2.0,0.0,0.4,0.0,2.0,0.4,1.0,0.64,1.58,0.64,1.58,0.6,1.6,0.6,1.6,2.0,1.6,2.0,1.6,1.9,1.08,1.9,1.08,,,,,1.17,1.39,1.17,1.53,5,5,1.17,1.39,1.17,1.53,0.0
2024-09-21,21:00 (19:00),2024-2025,La Liga,6,Real Madrid,Espanyol,,,,,,,,1.55,1.22,1.55,1.22,1.0,1.0,1.0,1.0,1.0,1.0,1.0,1.0,0.9,1.4,0.9,1.4,,,,,1.72,1.06,1.06,1.25,5,5,1.72,1.06,1.06,1.25,0.66
2024-09-21,16:15 (14:15),2024-2025,La Liga,6,Osasuna,Las Palmas,2.0,1.0,1.9,1.0,2.0,0.8,1.0,0.7,1.04,0.7,1.04,1.2,1.2,1.2,1.2,2.0,2.0,2.0,2.0,1.46,1.9,1.46,1.9,,,,,1.28,1.33,1.08,1.58,5,5,1.28,1.33,1.08,1.58,0.2
2024-09-22,21:00 (19:00),2024-2025,La Liga,6,Rayo Vallecano,Atletico Madrid,1.0,1.0,1.7,1.0,1.0,0.5,-1.0,0.88,1.88,0.88,1.88,1.25,1.8,1.25,1.8,1.25,0.4,1.25,0.4,0.95,0.5,0.95,0.5,,,,,1.06,1.17,1.83,0.78,5,5,1.06,1.17,1.83,0.78,-0.77
2024-09-22,18:30 (16:30),2024-2025,La Liga,6,Villarreal,Barcelona,1.0,5.0,2.2,5.0,1.0,3.9,-1.0,1.52,2.6,1.52,2.6,2.2,3.4,2.2,3.4,1.6,0.8,1.6,0.8,1.24,0.84,1.24,0.84,,,,,1.97,1.33,2.72,1.06,5,5,1.97,1.33,2.72,1.06,-0.75
2024-09-22,16:15 (14:15),2024-2025,La Liga,6,Athletic Club,Celta Vigo,3.0,1.0,0.7,1.0,3.0,1.3,1.0,1.14,1.66,1.0,1.66,1.4,2.6,1.33,2.6,1.0,2.0,1.0,2.0,1.18,1.5,1.12,1.5,,,,,1.5,0.78,1.56,1.5,6,5,1.5,0.78,1.56,1.5,-0.06
2024-09-22,14:00 (12:00),2024-2025,La Liga,6,Getafe,Leganes,1.0,1.0,1.5,1.0,1.0,0.6,0.0,0.7,0.6,0.7,0.67,0.4,0.4,0.4,0.5,0.8,1.2,0.8,1.17,0.9,1.28,0.9,1.35,,,,,0.86,1.03,1.03,1.39,5,6,0.86,1.03,1.03,1.39,-0.17
2024-09-23,21:00 (19:00),2024-2025,La Liga,6,Real Betis,Mallorca,1.0,2.0,1.0,2.0,1.0,1.0,-1.0,1.9,0.8,1.9,0.83,1.25,0.6,1.25,0.67,0.5,0.6,0.5,0.67,0.62,0.8,0.62,0.77,,,,,1.58,1.28,0.89,1.17,5,6,1.58,1.28,0.89,1.17,0.69
2024-09-24,19:00 (17:00),2024-2025,La Liga,7,Valencia,Osasuna,0.0,0.0,0.7,0.0,0.0,0.5,-1.0,0.52,0.74,0.6,0.9,0.8,1.4,0.83,1.33,1.6,2.0,1.67,1.83,1.34,1.42,1.65,1.35,,,,,1.17,1.39,1.28,1.33,6,6,1.17,1.39,1.28,1.33,-0.11
2024-09-24,21:00 (19:00),2024-2025,La Liga,7,Real Madrid,Alaves,,,,,,,,2.5,1.3,1.55,1.36,1.0,1.5,1.0,1.4,1.0,1.0,1.0,1.2,0.8,1.08,0.9,1.02,,,,,1.72,1.06,0.94,1.22,6,6,1.72,1.06,0.94,1.22,0.78
2024-09-24,19:00 (17:00),2024-2025,La Liga,7,Sevilla,Valladolid,2.0,1.0,2.1,1.0,2.0,0.7,1.0,0.9,0.78,1.05,0.78,0.6,0.25,0.83,0.4,1.2,2.5,1.33,2.0,1.16,2.02,1.2,1.76,,,,,1.08,1.42,0.69,2.36,6,6,1.08,1.42,0.69,2.36,0.39
2024-09-25,19:00 (17:00),2024-2025,La Liga,7,Girona,Rayo Vallecano,0.0,0.0,2.0,0.0,0.0,0.5,0.0,1.34,1.04,1.38,1.04,1.4,1.2,1.33,1.2,1.8,1.2,1.67,1.2,0.88,0.86,0.97,0.86,,,,,1.17,1.53,1.06,1.17,6,6,1.17,1.53,1.06,1.17,0.11
2024-09-25,21:00 (19:00),2024-2025,La Liga,7,Barcelona,Getafe,1.0,0.0,1.9,0.0,1.0,0.7,1.0,2.74,0.84,2.82,0.83,4.0,0.4,3.67,0.5,0.8,0.8,0.83,0.83,1.08,0.96,1.07,0.85,,,,,2.72,1.06,0.86,1.03,6,6,2.72,1.06,0.86,1.03,1.86
2024-09-26,19:00 (17:00),2024-2025,La Liga,7,Espanyol,Villarreal,1.0,2.0,0.4,2.0,1.0,1.6,-1.0,1.35,1.8,1.22,1.63,1.25,2.0,1.0,2.0,1.0,2.2,1.0,2.17,1.55,1.8,1.4,1.68,,,,,1.06,1.25,1.97,1.33,6,6,1.06,1.25,1.97,1.33,-0.91
2024-09-26,21:00 (19:00),2024-2025,La Liga,7,Celta Vigo,Atletico Madrid,0.0,1.0,1.5,1.0,0.0,0.6,-1.0,1.76,1.76,1.6,1.65,2.4,1.6,2.33,1.67,2.4,0.2,2.17,0.5,1.32,0.68,1.37,0.7,,,,,1.56,1.5,1.83,0.78,6,6,1.56,1.5,1.83,0.78,-0.27
2024-09-26,18:00 (17:00),2024-2025,La Liga,7,Las Palmas,Real Betis,1.0,1.0,1.0,1.0,1.0,1.9,-1.0,0.92,1.8,1.0,1.72,1.0,1.25,1.17,1.2,2.0,0.75,2.0,0.8,1.92,0.48,1.9,0.7,,,,,1.08,1.58,1.58,1.28,6,6,1.08,1.58,1.58,1.28,-0.5
2024-09-27,21:00 (19:00),2024-2025,La Liga,8,Valladolid,Mallorca,1.0,2.0,1.2,2.0,1.0,2.2,-1.0,0.76,0.88,0.77,0.86,0.4,1.0,0.5,0.86,2.4,0.6,2.0,0.71,2.04,0.88,1.82,0.8,,,,,0.69,2.36,0.89,1.17,7,7,0.69,2.36,0.89,1.17,-0.2
2024-09-28,14:00 (12:00),2024-2025,La Liga,8,Getafe,Alaves,2.0,0.0,2.1,0.0,2.0,0.5,1.0,0.88,1.67,0.81,1.36,0.4,2.0,0.43,1.4,1.0,1.33,0.86,1.2,1.3,0.93,1.0,1.02,,,,,0.86,1.03,0.94,1.22,7,7,0.86,1.03,0.94,1.22,-0.08
2024-09-28,16:15 (14:15),2024-2025,La Liga,8,Rayo Vallecano,Leganes,1.0,1.0,0.9,1.0,1.0,0.9,-1.0,1.1,0.42,0.95,0.66,1.2,0.2,1.0,0.57,1.2,1.2,1.0,1.14,1.16,1.4,1.05,1.37,,,,,1.06,1.17,1.03,1.39,7,7,1.06,1.17,1.03,1.39,0.03
2024-09-28,21:00 (19:00),2024-2025,La Liga,8,Osasuna,Barcelona,4.0,2.0,2.2,2.0,4.0,0.8,1.0,0.72,2.76,0.84,2.69,1.2,3.8,1.14,3.29,2.0,0.6,1.57,0.71,1.44,1.02,1.26,1.01,,,,,1.28,1.33,2.72,1.06,7,7,1.28,1.33,2.72,1.06,-1.44
2024-09-28,18:30 (16:30),2024-2025,La Liga,8,Real Sociedad,Valencia,,,,,,,,0.67,0.48,0.68,0.61,0.0,0.6,0.25,0.71,0.33,1.0,0.25,1.43,0.93,1.18,1.1,1.49,,,,,0.83,1.33,1.17,1.39,7,7,0.83,1.33,1.17,1.39,-0.34
2024-09-29,18:30 (16:30),2024-2025,La Liga,8,Real Betis,Espanyol,1.0,0.0,2.1,0.0,1.0,0.5,1.0,1.9,1.05,1.75,1.08,1.5,1.5,1.17,1.0,1.0,1.25,0.83,1.17,0.68,1.78,0.75,1.43,,,,,1.58,1.28,1.06,1.25,7,7,1.58,1.28,1.06,1.25,0.52
2024-09-29,21:00 (19:00),2024-2025,La Liga,8,Atletico Madrid,Real Madrid,1.0,1.0,1.3,1.0,1.0,0.8,0.0,1.64,2.5,1.5,1.55,1.2,1.0,1.57,1.0,0.2,1.0,0.43,1.0,0.84,0.8,0.81,0.9,,,,,1.83,0.78,1.72,1.06,7,7,1.83,0.78,1.72,1.06,0.11
2024-09-29,16:15 (14:15),2024-2025,La Liga,8,Athletic Club,Sevilla,1.0,1.0,2.0,1.0,1.0,1.1,0.0,1.08,1.12,0.96,1.2,1.8,0.8,1.57,1.0,0.8,1.0,1.0,1.29,1.08,1.12,1.14,1.13,,,,,1.5,0.78,1.08,1.42,7,7,1.5,0.78,1.08,1.42,0.42
2024-09-29,14:00 (12:00),2024-2025,La Liga,8,Celta Vigo,Girona,1.0,1.0,0.5,1.0,1.0,0.8,-1.0,1.8,1.6,1.59,1.47,1.8,1.4,2.0,1.14,2.4,1.2,2.0,1.43,1.26,0.74,1.26,0.9,,,,,1.56,1.5,1.17,1.53,7,7,1.56,1.5,1.17,1.53,0.39
2024-09-30,21:00 (19:00),2024-2025,La Liga,8,Villarreal,Las Palmas,3.0,1.0,2.8,1.0,3.0,0.9,1.0,1.94,0.94,1.63,1.0,2.0,1.0,2.0,1.14,2.2,1.8,2.0,1.86,1.68,2.0,1.5,1.9,,,,,1.97,1.33,1.08,1.58,7,7,1.97,1.33,1.08,1.58,0.89
2024-10-04,21:00 (19:00),2024-2025,La Liga,9,Leganes,Valencia,0.0,0.0,0.8,0.0,0.0,0.5,0.0,0.56,0.58,0.69,0.61,0.4,0.75,0.62,0.71,1.4,1.0,1.12,1.43,1.36,1.12,1.31,1.49,,,,,1.03,1.39,1.17,1.39,8,8,1.03,1.39,1.17,1.39,-0.14
2024-10-05,21:00 (19:00),2024-2025,La Liga,9,Real Madrid,Villarreal,,,,,,,,0.8,1.78,1.3,1.78,1.0,1.8,1.0,2.12,1.0,1.8,1.0,1.88,1.3,1.32,1.03,1.42,,,,,1.72,1.06,1.97,1.33,8,8,1.72,1.06,1.97,1.33,-0.25
2024-10-05,17:30 (16:30),2024-2025,La Liga,9,Las Palmas,Celta Vigo,0.0,1.0,1.3,1.0,0.0,0.8,-1.0,0.96,1.36,0.99,1.45,1.0,1.4,1.12,1.88,2.2,1.8,2.0,1.88,2.06,0.7,2.01,1.2,,,,,1.08,1.58,1.56,1.5,8,8,1.08,1.58,1.56,1.5,-0.48
2024-10-05,14:00 (12:00),2024-2025,La Liga,9,Espanyol,Mallorca,2.0,1.0,0.9,1.0,2.0,1.6,1.0,1.03,1.14,1.0,1.02,1.5,1.4,0.86,1.0,1.5,0.8,1.14,0.75,1.72,0.98,1.53,0.85,,,,,1.06,1.25,0.89,1.17,8,8,1.06,1.25,0.89,1.17,0.17
2024-10-05,18:30 (16:30),2024-2025,La Liga,9,Valladolid,Rayo Vallecano,1.0,2.0,2.0,2.0,1.0,1.5,-1.0,0.78,1.2,0.83,0.94,0.6,1.2,0.57,1.0,2.8,1.0,2.0,1.0,2.44,1.06,1.87,1.03,,,,,0.69,2.36,1.06,1.17,8,8,0.69,2.36,1.06,1.17,-0.37
2024-10-05,16:15 (14:15),2024-2025,La Liga,9,Getafe,Osasuna,1.0,1.0,0.8,1.0,1.0,0.3,0.0,1.18,1.16,0.98,1.01,0.8,2.0,0.62,1.5,1.0,1.6,0.75,1.62,1.4,1.12,0.94,1.2,,,,,0.86,1.03,1.28,1.33,8,8,0.86,1.03,1.28,1.33,-0.42
2024-10-06,16:15 (14:15),2024-2025,La Liga,9,Alaves,Barcelona,0.0,3.0,0.7,3.0,0.0,2.7,-1.0,1.38,2.64,1.22,2.45,1.5,3.8,1.17,3.12,1.5,1.2,1.33,1.12,1.23,1.38,1.2,1.16,,,,,0.94,1.22,2.72,1.06,8,8,0.94,1.22,2.72,1.06,-1.78
2024-10-06,14:00 (12:00),2024-2025,La Liga,9,Girona,Athletic Club,2.0,1.0,1.9,1.0,2.0,3.1,1.0,1.28,1.2,1.39,1.09,0.8,1.8,1.12,1.5,1.4,1.0,1.38,1.0,0.84,1.28,0.85,1.14,,,,,1.17,1.53,1.5,0.78,8,8,1.17,1.53,1.5,0.78,-0.33
2024-10-06,21:00 (19:00),2024-2025,La Liga,9,Real Sociedad,Atletico Madrid,,,,,,,,0.67,1.44,0.68,1.48,0.0,1.4,0.25,1.5,0.33,0.4,0.25,0.5,0.93,0.88,1.1,0.81,,,,,0.83,1.33,1.83,0.78,8,8,0.83,1.33,1.83,0.78,-1.0
2024-10-06,18:30 (16:30),2024-2025,La Liga,9,Sevilla,Real Betis,1.0,0.0,1.4,0.0,1.0,0.6,1.0,1.2,1.94,1.19,1.8,1.0,1.4,1.0,1.14,1.2,0.8,1.25,0.71,1.34,0.64,1.24,0.71,,,,,1.08,1.42,1.58,1.28,8,8,1.08,1.42,1.58,1.28,-0.5
2024-10-18,21:00 (19:00),2024-2025,La Liga,10,Alaves,Valladolid,2.0,3.0,0.5,3.0,2.0,2.4,-1.0,1.05,1.08,1.14,0.98,1.0,0.8,1.0,0.62,2.25,1.8,1.57,2.0,1.72,1.8,1.41,1.83,,,,,0.94,1.22,0.69,2.36,9,9,0.94,1.22,0.69,2.36,0.25
2024-10-19,18:30 (16:30),2024-2025,La Liga,10,Girona,Real Sociedad,0.0,1.0,0.4,1.0,0.0,1.7,-1.0,1.28,1.0,1.44,0.68,0.8,0.0,1.22,0.25,1.6,0.5,1.33,0.25,1.28,1.1,1.1,1.1,,,,,1.17,1.53,0.83,1.33,9,9,1.17,1.53,0.83,1.33,0.34
2024-10-19,16:15 (14:15),2024-2025,La Liga,10,Osasuna,Real Betis,1.0,2.0,2.0,2.0,1.0,2.1,-1.0,1.04,1.64,0.93,1.65,1.6,1.0,1.44,1.0,1.4,1.0,1.56,0.75,0.94,0.9,1.16,0.8,,,,,1.28,1.33,1.58,1.28,9,9,1.28,1.33,1.58,1.28,-0.3
2024-10-19,21:00 (19:00),2024-2025,La Liga,10,Celta Vigo,Real Madrid,1.0,2.0,1.8,2.0,1.0,0.7,-1.0,1.18,0.8,1.38,1.3,1.2,1.0,1.78,1.0,1.2,1.0,1.67,1.0,0.78,1.3,1.21,1.03,,,,,1.56,1.5,1.72,1.06,9,9,1.56,1.5,1.72,1.06,-0.16
2024-10-19,14:00 (12:00),2024-2025,La Liga,10,Athletic Club,Espanyol,4.0,1.0,1.3,1.0,4.0,0.2,1.0,1.76,0.85,1.31,0.99,2.0,1.5,1.44,1.0,1.2,1.5,1.11,1.12,1.32,1.8,1.22,1.54,,,,,1.5,0.78,1.06,1.25,9,9,1.5,0.78,1.06,1.25,0.44
2024-10-20,14:00 (12:00),2024-2025,La Liga,10,Mallorca,Rayo Vallecano,1.0,0.0,2.0,0.0,1.0,0.6,1.0,1.26,1.24,1.09,1.01,1.4,1.4,1.0,1.12,1.2,0.8,0.89,1.0,1.1,1.14,0.86,1.15,,,,,0.89,1.17,1.06,1.17,9,9,0.89,1.17,1.06,1.17,-0.17
2024-10-20,18:30 (16:30),2024-2025,La Liga,10,Villarreal,Getafe,1.0,1.0,0.9,1.0,1.0,1.9,-1.0,2.1,1.14,1.78,0.96,2.0,1.0,2.12,0.67,2.0,1.0,1.88,0.78,1.38,1.18,1.42,0.87,,,,,1.97,1.33,0.86,1.03,9,9,1.97,1.33,0.86,1.03,1.11
2024-10-20,21:00 (19:00),2024-2025,La Liga,10,Barcelona,Sevilla,5.0,1.0,3.8,1.0,5.0,1.0,1.0,2.24,1.3,2.48,1.21,3.0,1.2,3.11,1.0,1.2,0.8,1.0,1.11,1.42,1.08,1.11,1.17,,,,,2.72,1.06,1.08,1.42,9,9,2.72,1.06,1.08,1.42,1.64
2024-10-20,16:15 (14:15),2024-2025,La Liga,10,Atletico Madrid,Leganes,3.0,1.0,4.4,1.0,3.0,0.3,1.0,1.37,0.66,1.48,0.7,1.5,0.4,1.5,0.56,0.5,1.2,0.5,1.0,1.03,1.26,0.81,1.22,,,,,1.83,0.78,1.03,1.39,9,9,1.83,0.78,1.03,1.39,0.8
2024-10-21,21:00 (19:00),2024-2025,La Liga,10,Valencia,Las Palmas,2.0,3.0,1.6,3.0,2.0,1.2,-1.0,0.42,1.08,0.6,1.02,0.5,1.0,0.62,1.0,0.75,2.0,1.25,1.89,1.2,1.82,1.4,1.88,,,,,1.17,1.39,1.08,1.58,9,9,1.17,1.39,1.08,1.58,0.09
2024-10-25,21:00 (19:00),2024-2025,La Liga,11,Espanyol,Sevilla,0.0,2.0,1.2,2.0,0.0,0.8,-1.0,0.5,1.22,0.9,1.19,1.0,1.2,1.0,1.0,2.0,1.8,1.44,1.5,1.65,1.64,1.51,1.43,,,,,1.06,1.25,1.08,1.42,10,10,1.06,1.25,1.08,1.42,-0.02
2024-10-26,17:30 (16:30),2024-2025,La Liga,11,Las Palmas,Girona,1.0,0.0,0.9,0.0,1.0,0.6,1.0,1.04,1.1,1.04,1.34,1.2,0.6,1.2,1.1,1.8,1.0,1.9,1.3,1.8,1.24,1.85,1.16,,,,,1.08,1.58,1.17,1.53,10,10,1.08,1.58,1.17,1.53,-0.09
2024-10-26,14:00 (12:00),2024-2025,La Liga,11,Valladolid,Villarreal,1.0,2.0,0.9,2.0,1.0,2.0,-1.0,1.46,1.88,1.13,1.68,1.2,1.75,0.89,2.0,1.6,2.0,2.0,1.78,1.54,1.78,1.68,1.48,,,,,0.69,2.36,1.97,1.33,10,10,0.69,2.36,1.97,1.33,-1.28
2024-10-26,16:15 (14:15),2024-2025,La Liga,11,Rayo Vallecano,Alaves,1.0,0.0,1.9,0.0,1.0,0.9,1.0,1.04,0.7,0.97,1.06,0.8,1.0,1.0,1.12,0.8,2.25,1.0,1.75,1.48,1.93,1.24,1.54,,,,,1.06,1.17,0.94,1.22,10,10,1.06,1.17,0.94,1.22,0.12
2024-10-26,21:00 (19:00),2024-2025,La Liga,11,Real Madrid,Barcelona,,,,,,,,0.75,2.62,1.15,2.61,1.5,3.2,1.25,3.3,1.0,1.2,1.0,1.0,1.55,1.36,1.23,1.1,,,,,1.72,1.06,2.72,1.06,10,10,1.72,1.06,2.72,1.06,-1.0
2024-10-27,21:00 (20:00),2024-2025,La Liga,11,Real Sociedad,Osasuna,,,,,,,,1.23,1.38,0.88,1.04,0.33,1.6,0.4,1.4,0.33,1.2,0.2,1.6,0.87,1.04,0.96,1.25,,,,,0.83,1.33,1.28,1.33,10,10,0.83,1.33,1.28,1.33,-0.45
2024-10-27,16:15 (15:15),2024-2025,La Liga,11,Getafe,Valencia,1.0,1.0,2.2,1.0,1.0,0.7,0.0,1.4,0.8,1.05,0.71,1.0,1.0,0.7,0.78,0.8,0.75,0.8,1.44,0.84,0.72,0.87,1.38,,,,,0.86,1.03,1.17,1.39,10,10,0.86,1.03,1.17,1.39,-0.31
2024-10-27,14:00 (13:00),2024-2025,La Liga,11,Leganes,Celta Vigo,3.0,0.0,1.6,0.0,3.0,0.9,1.0,0.7,1.18,0.66,1.42,0.6,0.8,0.6,1.7,1.4,1.4,1.2,1.7,1.72,0.82,1.54,1.16,,,,,1.03,1.39,1.56,1.5,10,10,1.03,1.39,1.56,1.5,-0.53
2024-10-27,18:30 (17:30),2024-2025,La Liga,11,Real Betis,Atletico Madrid,1.0,0.0,1.9,0.0,1.0,0.5,1.0,1.54,1.7,1.7,1.8,1.0,1.5,1.11,1.67,1.0,0.75,0.78,0.56,1.18,1.08,0.93,0.76,,,,,1.58,1.28,1.83,0.78,10,10,1.58,1.28,1.83,0.78,-0.25
2024-10-28,21:00 (20:00),2024-2025,La Liga,11,Mallorca,Athletic Club,0.0,0.0,0.5,0.0,0.0,0.6,-1.0,1.6,1.68,1.18,1.31,1.4,2.2,1.0,1.7,0.8,1.0,0.8,1.1,0.86,1.08,0.83,1.12,,,,,0.89,1.17,1.5,0.78,10,10,0.89,1.17,1.5,0.78,-0.61
2024-11-01,21:00 (20:00),2024-2025,La Liga,12,Alaves,Mallorca,1.0,0.0,1.1,0.0,1.0,0.5,1.0,0.65,1.46,0.98,1.13,0.5,1.2,1.0,0.9,2.25,0.8,1.62,0.7,2.28,0.86,1.67,0.83,,,,,0.94,1.22,0.89,1.17,11,11,0.94,1.22,0.89,1.17,0.05
2024-11-02,14:00 (13:00),2024-2025,La Liga,12,Osasuna,Valladolid,1.0,0.0,2.2,0.0,1.0,0.2,1.0,1.25,1.44,0.97,1.14,1.5,1.4,1.44,0.89,1.25,2.0,1.67,2.22,1.1,1.66,1.28,1.82,,,,,1.28,1.33,0.69,2.36,11,11,1.28,1.33,0.69,2.36,0.59
2024-11-02,16:15 (15:15),2024-2025,La Liga,12,Girona,Leganes,4.0,3.0,2.0,3.0,4.0,0.4,1.0,1.14,0.84,1.24,0.72,0.6,1.2,1.0,0.8,0.8,1.0,1.3,1.1,1.34,1.64,1.11,1.46,,,,,1.17,1.53,1.03,1.39,11,11,1.17,1.53,1.03,1.39,0.14
2024-11-03,21:00 (20:00),2024-2025,La Liga,12,Athletic Club,Real Betis,1.0,1.0,4.0,1.0,1.0,0.9,0.0,1.54,1.72,1.34,1.76,1.8,1.0,1.6,1.11,1.0,0.6,1.0,0.67,1.0,1.08,1.09,0.81,,,,,1.5,0.78,1.58,1.28,11,11,1.5,0.78,1.58,1.28,-0.08
2024-11-03,14:00 (13:00),2024-2025,La Liga,12,Atletico Madrid,Las Palmas,2.0,0.0,1.6,0.0,2.0,0.0,1.0,1.7,1.06,1.73,0.99,1.25,1.2,1.44,1.1,0.75,1.4,0.44,1.7,1.12,1.54,0.88,1.73,,,,,1.83,0.78,1.08,1.58,11,11,1.83,0.78,1.08,1.58,0.75
2024-11-03,18:30 (17:30),2024-2025,La Liga,12,Sevilla,Real Sociedad,0.0,2.0,1.1,2.0,0.0,1.4,-1.0,1.28,1.55,1.09,0.88,1.4,0.5,1.0,0.4,1.4,0.0,1.3,0.2,1.66,0.7,1.41,0.96,,,,,1.08,1.42,0.83,1.33,11,11,1.08,1.42,0.83,1.33,0.25
2024-11-03,16:15 (15:15),2024-2025,La Liga,12,Barcelona,Espanyol,3.0,1.0,1.8,1.0,3.0,0.9,1.0,2.3,0.64,2.54,0.96,2.75,0.8,3.44,1.0,1.25,2.0,1.0,1.56,1.15,1.48,1.11,1.51,,,,,2.72,1.06,1.06,1.25,11,11,2.72,1.06,1.06,1.25,1.66
2024-11-04,21:00 (20:00),2024-2025,La Liga,12,Celta Vigo,Getafe,1.0,0.0,1.9,0.0,1.0,0.5,1.0,1.1,1.54,1.43,1.19,0.6,1.0,1.5,0.7,1.4,0.8,1.9,0.8,1.0,0.86,1.16,0.91,,,,,1.56,1.5,0.86,1.03,11,11,1.56,1.5,0.86,1.03,0.7
2024-11-08,21:00 (20:00),2024-2025,La Liga,13,Rayo Vallecano,Las Palmas,1.0,3.0,2.4,3.0,1.0,1.1,-1.0,1.08,0.86,1.06,0.9,0.8,1.0,1.0,1.0,0.6,1.6,0.9,1.7,1.56,1.48,1.21,1.74,,,,,1.06,1.17,1.08,1.58,11,12,1.06,1.17,1.08,1.58,-0.02
2024-11-09,14:00 (13:00),2024-2025,La Liga,13,Real Madrid,Osasuna,,,,,,,,0.75,1.68,1.33,1.14,1.5,1.75,1.33,1.44,1.0,1.25,1.0,1.67,1.55,0.98,1.3,1.23,,,,,1.72,1.06,1.28,1.33,11,12,1.72,1.06,1.28,1.33,0.44
2024-11-09,21:00 (20:00),2024-2025,La Liga,13,Leganes,Sevilla,1.0,0.0,1.1,0.0,1.0,0.6,1.0,0.8,1.08,0.61,1.1,1.6,1.0,0.9,0.9,1.6,1.6,1.4,1.3,1.74,1.8,1.57,1.46,,,,,1.03,1.39,1.08,1.42,12,12,1.03,1.39,1.08,1.42,-0.05
2024-11-09,16:15 (15:15),2024-2025,La Liga,13,Villarreal,Alaves,3.0,0.0,1.5,0.0,3.0,0.5,1.0,1.82,0.74,1.81,1.09,2.0,0.6,2.0,1.12,1.0,1.8,1.67,1.62,1.02,1.92,1.46,1.55,,,,,1.97,1.33,0.94,1.22,11,12,1.97,1.33,0.94,1.22,1.03
2024-11-10,18:30 (17:30),2024-2025,La Liga,13,Getafe,Girona,0.0,1.0,0.6,1.0,0.0,0.2,-1.0,1.5,1.14,1.19,1.37,1.0,1.4,0.7,1.4,0.8,1.4,0.9,1.3,0.86,1.32,1.08,1.03,,,,,0.86,1.03,1.17,1.53,12,12,0.86,1.03,1.17,1.53,-0.31
2024-11-10,14:00 (13:00),2024-2025,La Liga,13,Real Betis,Celta Vigo,2.0,2.0,1.6,2.0,2.0,1.2,-1.0,1.52,1.18,1.69,1.49,1.0,0.8,1.22,1.3,0.6,1.2,0.78,1.8,1.68,0.98,1.23,1.12,,,,,1.58,1.28,1.56,1.5,12,12,1.58,1.28,1.56,1.5,0.02
2024-11-10,18:30 (17:30),2024-2025,La Liga,13,Valladolid,Athletic Club,1.0,1.0,0.6,1.0,1.0,1.2,-1.0,1.34,2.2,1.05,1.64,1.2,1.4,0.8,1.6,1.8,1.0,2.1,0.9,1.68,0.92,1.86,1.0,,,,,0.69,2.36,1.5,0.78,12,12,0.69,2.36,1.5,0.78,-0.81
2024-11-10,16:15 (15:15),2024-2025,La Liga,13,Mallorca,Atletico Madrid,0.0,1.0,0.6,1.0,0.0,0.6,-1.0,1.36,1.95,1.12,1.78,0.8,1.5,0.9,1.33,0.8,0.75,0.7,0.44,0.88,0.75,0.88,0.8,,,,,0.89,1.17,1.83,0.78,12,12,0.89,1.17,1.83,0.78,-0.94
2024-11-10,21:00 (20:00),2024-2025,La Liga,13,Real Sociedad,Barcelona,,,,,,,,1.55,2.28,1.02,2.54,1.5,3.25,0.6,3.56,0.0,1.5,0.2,1.0,0.75,1.2,0.86,1.1,,,,,0.83,1.33,2.72,1.06,12,12,0.83,1.33,2.72,1.06,-1.89
2024-11-22,21:00 (20:00),2024-2025,La Liga,14,Getafe,Valladolid,2.0,0.0,0.6,0.0,2.0,1.1,1.0,1.2,1.22,1.19,1.0,0.6,1.2,0.7,0.9,1.0,1.6,1.0,2.2,0.8,1.48,1.1,1.96,,,,,0.86,1.03,0.69,2.36,13,13,0.86,1.03,0.69,2.36,0.17
2024-11-23,14:00 (13:00),2024-2025,La Liga,14,Valencia,Real Betis,4.0,2.0,1.5,2.0,4.0,1.3,1.0,0.88,1.42,0.68,1.68,0.75,1.2,0.78,1.3,1.0,1.0,1.33,0.9,1.18,1.82,1.27,1.23,,,,,1.17,1.39,1.58,1.28,11,13,1.17,1.39,1.58,1.28,-0.41
2024-11-23,17:30,2024-2025,La Liga,14,Las Palmas,Mallorca,2.0,3.0,1.2,3.0,2.0,1.7,-1.0,0.9,1.04,0.93,1.09,1.4,0.4,1.2,0.9,1.2,0.8,1.7,0.8,1.4,0.76,1.73,0.87,,,,,1.08,1.58,0.89,1.17,13,13,1.08,1.58,0.89,1.17,0.19
2024-11-23,18:30 (17:30),2024-2025,La Liga,14,Girona,Espanyol,4.0,1.0,3.5,1.0,4.0,0.5,1.0,1.02,0.74,1.15,0.88,1.4,0.8,1.1,1.11,1.2,2.2,1.3,1.78,1.34,1.52,1.09,1.63,,,,,1.17,1.53,1.06,1.25,13,12,1.17,1.53,1.06,1.25,0.11
2024-11-23,21:00 (20:00),2024-2025,La Liga,14,Celta Vigo,Barcelona,2.0,2.0,2.5,2.0,2.0,1.8,-1.0,1.32,2.77,1.34,2.69,1.0,3.67,1.2,3.75,1.4,0.67,1.6,1.0,1.14,0.87,0.92,1.19,,,,,1.56,1.5,2.72,1.06,13,13,1.56,1.5,2.72,1.06,-1.16
2024-11-23,16:15 (15:15),2024-2025,La Liga,14,Atletico Madrid,Alaves,2.0,1.0,1.6,1.0,2.0,0.9,1.0,1.78,0.74,1.59,1.02,1.5,0.6,1.44,1.0,0.5,2.0,0.44,1.78,0.7,1.8,0.8,1.54,,,,,1.83,0.78,0.94,1.22,13,13,1.83,0.78,0.94,1.22,0.89
2024-11-24,18:30 (17:30),2024-2025,La Liga,14,Leganes,Real Madrid,0.0,3.0,0.1,3.0,0.0,1.8,-1.0,0.84,0.75,0.7,1.33,1.6,1.5,1.0,1.33,1.4,1.0,1.4,1.0,1.68,1.55,1.52,1.3,,,,,1.03,1.39,1.72,1.06,13,12,1.03,1.39,1.72,1.06,-0.69
2024-11-24,16:15 (15:15),2024-2025,La Liga,14,Sevilla,Rayo Vallecano,1.0,0.0,1.1,0.0,1.0,0.8,1.0,0.98,1.46,1.09,1.28,0.8,1.0,0.9,1.1,1.6,1.2,1.4,1.2,1.62,1.38,1.48,1.27,,,,,1.08,1.42,1.06,1.17,13,12,1.08,1.42,1.06,1.17,0.02
2024-11-24,21:00 (20:00),2024-2025,La Liga,14,Athletic Club,Real Sociedad,1.0,0.0,1.3,0.0,1.0,0.5,1.0,2.04,1.55,1.62,1.02,1.4,1.5,1.6,0.6,1.0,0.0,1.0,0.2,0.82,0.75,1.05,0.86,,,,,1.5,0.78,0.83,1.33,13,13,1.5,0.78,0.83,1.33,0.67
2024-11-24,14:00 (13:00),2024-2025,La Liga,14,Osasuna,Villarreal,2.0,2.0,1.0,2.0,2.0,2.5,-1.0,1.5,1.8,1.29,1.88,1.0,2.25,1.62,2.11,1.0,0.75,1.38,1.56,1.03,1.05,1.09,1.4,,,,,1.28,1.33,1.97,1.33,13,12,1.28,1.33,1.97,1.33,-0.69
2024-11-29,21:00 (20:00),2024-2025,La Liga,15,Mallorca,Valencia,2.0,1.0,0.8,1.0,2.0,1.3,1.0,1.06,1.08,1.16,0.74,0.8,1.75,1.1,1.11,0.8,1.5,1.0,1.22,0.82,1.38,0.96,1.27,,,,,0.89,1.17,1.17,1.39,14,12,0.89,1.17,1.17,1.39,-0.28
2024-11-30,21:00 (20:00),2024-2025,La Liga,15,Valladolid,Atletico Madrid,0.0,5.0,0.6,5.0,0.0,4.0,-1.0,1.04,1.74,1.06,1.58,1.0,1.6,0.9,1.56,1.6,0.6,1.7,0.56,1.3,0.74,1.55,0.87,,,,,0.69,2.36,1.83,0.78,14,14,0.69,2.36,1.83,0.78,-1.14
2024-11-30,18:30 (17:30),2024-2025,La Liga,15,Espanyol,Celta Vigo,3.0,1.0,0.9,1.0,3.0,1.6,1.0,0.74,1.66,0.87,1.42,1.0,1.2,1.22,1.2,2.8,1.8,2.22,1.5,1.8,1.24,1.77,1.01,,,,,1.06,1.25,1.56,1.5,13,14,1.06,1.25,1.56,1.5,-0.5
2024-11-30,14:00 (13:00),2024-2025,La Liga,15,Barcelona,Las Palmas,1.0,2.0,2.3,2.0,1.0,0.5,-1.0,2.47,0.88,2.32,0.98,3.33,1.8,3.12,1.4,1.33,1.6,1.25,1.8,1.47,1.58,1.44,1.7,,,,,2.72,1.06,1.08,1.58,14,14,2.72,1.06,1.08,1.58,1.64
2024-11-30,16:15 (15:15),2024-2025,La Liga,15,Alaves,Leganes,1.0,1.0,1.1,1.0,1.0,0.9,0.0,0.78,0.7,0.9,0.68,0.8,1.6,0.89,1.0,1.8,2.0,2.0,1.6,1.58,1.94,1.64,1.6,,,,,0.94,1.22,1.03,1.39,14,14,0.94,1.22,1.03,1.39,-0.09
2024-12-01,21:00 (20:00),2024-2025,La Liga,15,Real Sociedad,Real Betis,,,,,,,,1.2,1.56,1.12,1.6,1.0,1.6,0.6,1.3,0.33,1.6,0.4,1.3,0.93,1.84,1.0,1.37,,,,,0.83,1.33,1.58,1.28,14,14,0.83,1.33,1.58,1.28,-0.75
2024-12-01,14:00 (13:00),2024-2025,La Liga,15,Villarreal,Girona,2.0,2.0,2.0,2.0,2.0,0.5,-1.0,1.72,1.34,1.76,1.31,2.0,1.8,1.89,1.3,1.0,1.2,1.44,1.4,1.08,0.82,1.21,1.05,,,,,1.97,1.33,1.17,1.53,13,14,1.97,1.33,1.17,1.53,0.8
2024-12-01,16:15 (15:15),2024-2025,La Liga,15,Real Madrid,Getafe,,,,,,,,1.25,1.16,1.1,1.15,2.5,0.8,2.0,0.9,0.5,0.8,0.67,0.9,0.95,0.96,1.07,1.07,,,,,1.72,1.06,0.86,1.03,13,14,1.72,1.06,0.86,1.03,0.86
2024-12-01,18:30 (17:30),2024-2025,La Liga,15,Rayo Vallecano,Athletic Club,1.0,2.0,0.2,2.0,1.0,0.7,-1.0,1.44,1.68,1.32,1.72,0.8,1.4,1.0,1.7,1.2,0.6,1.1,0.9,1.42,0.54,1.24,0.93,,,,,1.06,1.17,1.5,0.78,13,14,1.06,1.17,1.5,0.78,-0.44
2024-12-02,21:00 (20:00),2024-2025,La Liga,15,Sevilla,Osasuna,1.0,1.0,1.3,1.0,1.0,0.7,-1.0,0.92,1.73,1.11,1.3,0.8,1.33,1.0,1.5,1.6,1.33,1.2,1.38,1.66,1.6,1.37,1.19,,,,,1.08,1.42,1.28,1.33,14,14,1.08,1.42,1.28,1.33,-0.2
2024-12-03,19:00 (18:00),2024-2025,La Liga,19,Mallorca,Barcelona,1.0,5.0,0.9,5.0,1.0,5.0,-1.0,0.82,1.97,1.21,2.38,1.0,2.0,1.2,2.75,1.0,1.67,0.9,1.38,0.96,1.3,0.91,1.34,,,,,0.89,1.17,2.72,1.06,15,15,0.89,1.17,2.72,1.06,-1.83
2024-12-04,21:00 (20:00),2024-2025,La Liga,19,Athletic Club,Real Madrid,2.0,1.0,1.8,1.0,2.0,1.7,1.0,1.56,1.25,1.62,1.1,1.0,2.5,1.6,2.0,0.6,0.5,0.8,0.67,0.54,0.95,0.81,1.07,,,,,1.5,0.78,1.72,1.06,15,14,1.5,0.78,1.72,1.06,-0.22
2024-12-06,21:00 (20:00),2024-2025,La Liga,16,Celta Vigo,Mallorca,2.0,0.0,0.9,0.0,2.0,0.8,1.0,1.62,0.9,1.4,1.18,1.2,1.2,1.0,1.2,2.0,2.0,1.7,1.4,1.28,1.84,1.05,1.35,,,,,1.56,1.5,0.89,1.17,15,16,1.56,1.5,0.89,1.17,0.67
2024-12-07,21:00 (20:00),2024-2025,La Liga,16,Girona,Real Madrid,0.0,3.0,0.4,3.0,0.0,0.9,-1.0,1.36,1.75,1.23,1.25,2.2,2.0,1.4,1.75,1.4,1.0,1.2,1.0,0.88,0.95,1.06,1.25,,,,,1.17,1.53,1.72,1.06,15,15,1.17,1.53,1.72,1.06,-0.55
2024-12-07,18:30 (17:30),2024-2025,La Liga,16,Valencia,Rayo Vallecano,0.0,1.0,1.3,1.0,0.0,0.9,-1.0,1.12,1.18,0.88,1.21,1.6,0.6,1.22,1.0,1.6,1.4,1.33,1.1,1.26,1.16,1.2,1.15,,,,,1.17,1.39,1.06,1.17,13,14,1.17,1.39,1.06,1.17,0.11
2024-12-07,16:15 (15:15),2024-2025,La Liga,16,Real Betis,Barcelona,2.0,2.0,3.1,2.0,2.0,1.9,-1.0,1.42,2.72,1.49,2.51,1.5,2.75,1.22,2.75,1.75,1.5,1.33,1.38,1.8,1.2,1.46,1.18,,,,,1.58,1.28,2.72,1.06,15,16,1.58,1.28,2.72,1.06,-1.14
2024-12-07,13:00,2024-2025,La Liga,16,Las Palmas,Valladolid,2.0,1.0,1.1,1.0,2.0,1.3,1.0,0.74,0.68,0.89,1.07,1.6,0.4,1.4,0.8,1.4,2.2,1.6,1.9,1.72,2.0,1.76,1.77,,,,,1.08,1.58,0.69,2.36,15,15,1.08,1.58,0.69,2.36,0.39
2024-12-08,18:30 (17:30),2024-2025,La Liga,16,Osasuna,Alaves,2.0,2.0,1.8,2.0,2.0,1.3,-1.0,1.3,0.9,1.35,0.81,1.33,0.6,1.5,0.78,1.0,1.4,1.12,1.78,1.33,1.28,1.15,1.57,,,,,1.28,1.33,0.94,1.22,15,15,1.28,1.33,0.94,1.22,0.34
2024-12-08,14:00 (13:00),2024-2025,La Liga,16,Leganes,Real Sociedad,0.0,3.0,0.7,3.0,0.0,1.8,-1.0,0.82,0.95,0.76,1.12,1.6,1.0,1.1,0.6,1.6,0.5,1.5,0.4,1.28,1.2,1.5,1.0,,,,,1.03,1.39,0.83,1.33,15,15,1.03,1.39,0.83,1.33,0.2
2024-12-08,16:15 (15:15),2024-2025,La Liga,16,Athletic Club,Villarreal,2.0,0.0,1.2,0.0,2.0,0.8,1.0,1.8,1.78,1.67,1.92,1.4,2.0,1.6,2.0,0.8,1.2,0.9,1.56,0.78,0.96,0.89,1.14,,,,,1.5,0.78,1.97,1.33,16,14,1.5,0.78,1.97,1.33,-0.47
2024-12-08,21:00 (20:00),2024-2025,La Liga,16,Atletico Madrid,Sevilla,4.0,3.0,2.0,3.0,4.0,0.4,1.0,1.66,0.98,1.68,1.1,2.0,0.8,1.78,1.0,0.4,0.8,0.56,1.3,0.8,1.04,0.92,1.34,,,,,1.83,0.78,1.08,1.42,15,15,1.83,0.78,1.08,1.42,0.75
2024-12-09,21:00 (20:00),2024-2025,La Liga,16,Getafe,Espanyol,1.0,0.0,0.4,0.0,1.0,0.7,1.0,0.97,0.74,1.21,0.79,0.75,1.2,0.89,1.33,0.75,2.8,0.78,2.22,0.97,1.8,0.9,1.8,,,,,0.86,1.03,1.06,1.25,15,14,0.86,1.03,1.06,1.25,-0.2
2024-12-13,21:00 (20:00),2024-2025,La Liga,17,Valladolid,Valencia,1.0,0.0,0.6,0.0,1.0,0.8,1.0,0.76,1.28,1.1,0.9,0.4,1.6,0.9,1.11,2.2,1.8,2.1,1.33,1.82,1.28,1.74,1.24,,,,,0.69,2.36,1.17,1.39,16,14,0.69,2.36,1.17,1.39,-0.48
2024-12-14,16:15 (15:15),2024-2025,La Liga,17,Mallorca,Girona,2.0,1.0,1.2,1.0,2.0,0.8,1.0,0.96,1.32,1.16,1.23,1.2,2.2,1.0,1.4,2.2,1.8,1.5,1.3,1.8,0.88,1.34,1.11,,,,,0.89,1.17,1.17,1.53,17,16,0.89,1.17,1.17,1.53,-0.28
2024-12-14,14:00 (13:00),2024-2025,La Liga,17,Espanyol,Osasuna,0.0,0.0,0.3,0.0,0.0,0.3,-1.0,0.84,1.42,0.69,1.34,1.0,1.5,1.0,1.5,2.2,1.25,2.11,1.25,1.62,1.33,1.63,1.21,,,,,1.06,1.25,1.28,1.33,15,16,1.06,1.25,1.28,1.33,-0.22
2024-12-14,18:30 (17:30),2024-2025,La Liga,17,Sevilla,Celta Vigo,1.0,0.0,0.7,0.0,1.0,1.2,1.0,0.9,1.62,1.09,1.36,1.0,1.6,1.2,1.1,1.6,1.4,1.5,1.4,1.2,1.12,1.43,1.06,,,,,1.08,1.42,1.56,1.5,16,16,1.08,1.42,1.56,1.5,-0.48
2024-12-14,21:00 (20:00),2024-2025,La Liga,17,Rayo Vallecano,Real Madrid,3.0,3.0,1.6,3.0,3.0,0.7,-1.0,1.24,1.47,1.14,1.18,0.8,2.33,0.8,2.0,1.2,0.67,1.0,0.8,1.02,0.77,1.25,1.08,,,,,1.06,1.17,1.72,1.06,15,16,1.06,1.17,1.72,1.06,-0.66
2024-12-15,16:15 (15:15),2024-2025,La Liga,17,Alaves,Athletic Club,1.0,1.0,0.9,1.0,1.0,0.7,0.0,0.98,1.24,0.83,1.72,1.0,1.6,0.78,1.5,1.6,0.6,1.89,0.8,1.26,0.76,1.71,0.84,,,,,0.94,1.22,1.5,0.78,16,17,0.94,1.22,1.5,0.78,-0.56
2024-12-15,14:00 (13:00),2024-2025,La Liga,17,Atletico Madrid,Getafe,1.0,0.0,1.7,0.0,1.0,0.2,1.0,1.96,0.52,1.84,1.09,2.8,0.75,2.11,0.89,0.8,0.5,0.78,0.67,0.5,0.98,0.78,0.91,,,,,1.83,0.78,0.86,1.03,16,16,1.83,0.78,0.86,1.03,0.97
2024-12-15,18:30 (17:30),2024-2025,La Liga,17,Real Sociedad,Las Palmas,,,,,,,,1.23,0.78,1.36,0.92,1.67,1.8,1.2,1.5,0.33,1.6,0.2,1.5,1.03,1.86,0.9,1.7,,,,,0.83,1.33,1.08,1.58,16,16,0.83,1.33,1.08,1.58,-0.25
2024-12-15,18:30 (17:30),2024-2025,La Liga,17,Villarreal,Real Betis,1.0,2.0,1.9,2.0,1.0,0.8,-1.0,1.76,1.72,1.81,1.72,1.8,1.75,1.78,1.33,1.4,2.25,1.67,1.33,0.82,2.15,1.24,1.56,,,,,1.97,1.33,1.58,1.28,15,16,1.97,1.33,1.58,1.28,0.39
2024-12-15,21:00 (20:00),2024-2025,La Liga,17,Barcelona,Leganes,0.0,1.0,2.6,1.0,0.0,0.4,-1.0,2.75,0.64,2.51,0.74,2.5,1.0,2.88,1.1,1.75,2.2,1.62,1.6,1.75,1.46,1.48,1.55,,,,,2.72,1.06,1.03,1.39,17,16,2.72,1.06,1.03,1.39,1.69
2024-12-18,21:30 (20:30),2024-2025,La Liga,12,Villarreal,Rayo Vallecano,1.0,1.0,1.4,1.0,1.0,1.5,-1.0,1.74,1.18,1.78,1.13,1.6,1.2,1.78,1.0,1.6,1.8,1.33,1.2,0.8,0.98,0.9,1.27,,,,,1.97,1.33,1.06,1.17,16,16,1.97,1.33,1.06,1.17,0.91
2024-12-18,21:30 (20:30),2024-2025,La Liga,13,Espanyol,Valencia,1.0,1.0,2.1,1.0,1.0,2.0,-1.0,0.66,1.12,0.65,0.98,1.0,1.2,0.9,1.11,1.8,1.4,1.9,1.11,1.52,1.16,1.5,0.97,,,,,1.06,1.25,1.17,1.39,16,15,1.06,1.25,1.17,1.39,-0.11
2024-12-20,21:00 (20:00),2024-2025,La Liga,18,Girona,Valladolid,3.0,0.0,2.5,0.0,3.0,0.0,1.0,1.08,0.84,1.11,1.09,1.6,0.6,1.5,0.9,1.6,2.0,1.5,1.9,1.04,1.54,1.18,1.61,,,,,1.17,1.53,0.69,2.36,17,17,1.17,1.53,0.69,2.36,0.48
2024-12-21,14:00 (13:00),2024-2025,La Liga,18,Getafe,Mallorca,0.0,1.0,0.8,1.0,0.0,2.3,-1.0,0.45,1.08,1.03,1.06,0.75,1.6,0.89,1.0,0.5,2.2,0.67,1.5,0.92,1.84,0.89,1.3,,,,,0.86,1.03,0.89,1.17,17,18,0.86,1.03,0.89,1.17,-0.03
2024-12-21,21:00 (20:00),2024-2025,La Liga,18,Barcelona,Atletico Madrid,1.0,2.0,2.7,2.0,1.0,0.7,-1.0,2.72,1.98,2.74,1.97,2.0,2.6,2.62,2.11,1.6,0.8,1.25,0.78,1.48,0.54,1.25,0.63,,,,,2.72,1.06,1.83,0.78,18,17,2.72,1.06,1.83,0.78,0.89
2024-12-21,16:15 (15:15),2024-2025,La Liga,18,Celta Vigo,Real Sociedad,2.0,0.0,1.3,0.0,2.0,0.3,1.0,1.48,1.15,1.33,1.35,1.4,1.5,1.1,1.5,1.6,0.5,1.4,0.25,1.16,1.0,1.07,0.88,,,,,1.56,1.5,0.83,1.33,17,17,1.56,1.5,0.83,1.33,0.73
2024-12-21,18:30 (17:30),2024-2025,La Liga,18,Osasuna,Athletic Club,1.0,2.0,0.6,2.0,1.0,1.2,-1.0,0.95,1.14,1.31,1.59,1.25,1.6,1.5,1.5,1.25,0.6,1.25,0.8,1.35,0.82,1.16,0.82,,,,,1.28,1.33,1.5,0.78,17,18,1.28,1.33,1.5,0.78,-0.22
2024-12-22,21:00 (20:00),2024-2025,La Liga,18,Real Betis,Rayo Vallecano,1.0,1.0,2.1,1.0,1.0,0.9,-1.0,1.7,1.0,1.6,1.23,2.0,1.2,1.44,1.1,2.25,1.4,1.33,1.3,1.62,1.04,1.66,1.21,,,,,1.58,1.28,1.06,1.17,17,17,1.58,1.28,1.06,1.17,0.52
2024-12-22,14:00 (13:00),2024-2025,La Liga,18,Valencia,Alaves,2.0,2.0,1.5,2.0,2.0,1.6,-1.0,1.38,0.94,1.16,0.84,1.2,1.0,1.0,0.8,1.4,1.8,1.22,1.8,1.14,1.3,1.16,1.61,,,,,1.17,1.39,0.94,1.22,16,17,1.17,1.39,0.94,1.22,0.23
2024-12-22,17:30,2024-2025,La Liga,18,Las Palmas,Espanyol,1.0,0.0,0.9,0.0,1.0,0.7,1.0,0.98,0.9,0.91,0.82,2.25,1.0,1.56,0.9,1.5,1.4,1.56,1.8,1.93,1.56,1.68,1.54,,,,,1.08,1.58,1.06,1.25,17,17,1.08,1.58,1.06,1.25,0.02
2024-12-22,16:15 (15:15),2024-2025,La Liga,18,Real Madrid,Sevilla,,,,,,,,1.27,0.82,1.1,0.95,2.5,1.2,2.17,1.1,1.25,1.2,1.17,1.4,0.98,1.16,1.17,1.48,,,,,1.72,1.06,1.08,1.42,17,17,1.72,1.06,1.08,1.42,0.64
2024-12-22,18:30 (17:30),2024-2025,La Liga,18,Leganes,Villarreal,2.0,5.0,1.2,5.0,2.0,3.3,-1.0,0.64,1.72,0.72,1.76,0.6,1.2,1.1,1.67,1.4,1.8,1.5,1.33,1.58,1.0,1.66,1.02,,,,,1.03,1.39,1.97,1.33,17,17,1.03,1.39,1.97,1.33,-0.94
2025-01-03,21:00 (20:00),2024-2025,La Liga,12,Valencia,Real Madrid,1.0,2.0,1.3,2.0,1.0,2.7,-1.0,1.38,1.1,1.24,1.16,0.8,2.33,1.22,2.4,1.4,1.67,1.44,1.2,1.2,1.27,1.28,1.14,,,,,1.17,1.39,1.72,1.06,17,18,1.17,1.39,1.72,1.06,-0.55
2025-01-10,21:00 (20:00),2024-2025,La Liga,19,Rayo Vallecano,Celta Vigo,2.0,1.0,0.7,1.0,2.0,2.1,1.0,1.02,1.5,1.23,1.41,1.4,1.4,1.1,1.2,1.4,1.2,1.3,1.3,1.24,0.9,1.33,1.02,,,,,1.06,1.17,1.56,1.5,18,18,1.06,1.17,1.56,1.5,-0.5
2025-01-11,16:15 (15:15),2024-2025,La Liga,19,Valladolid,Real Betis,1.0,0.0,1.2,0.0,1.0,0.7,1.0,0.72,1.83,0.97,1.6,0.4,1.75,0.8,1.44,2.4,2.0,2.0,1.44,1.8,1.55,1.64,1.7,,,,,0.69,2.36,1.58,1.28,18,18,0.69,2.36,1.58,1.28,-0.89
2025-01-11,21:00 (20:00),2024-2025,La Liga,19,Sevilla,Valencia,1.0,1.0,0.5,1.0,1.0,0.7,-1.0,0.88,1.38,0.93,1.25,1.5,0.8,1.11,1.2,1.25,1.4,1.44,1.5,1.18,1.58,1.42,1.42,,,,,1.08,1.42,1.17,1.39,18,18,1.08,1.42,1.17,1.39,-0.09
2025-01-11,18:30 (17:30),2024-2025,La Liga,19,Espanyol,Leganes,1.0,1.0,0.7,1.0,1.0,2.0,-1.0,0.94,0.66,0.84,0.75,0.8,0.8,0.9,1.2,0.8,2.4,1.8,1.9,1.04,2.12,1.42,1.9,,,,,1.06,1.25,1.03,1.39,18,18,1.06,1.25,1.03,1.39,0.03
2025-01-11,14:00 (13:00),2024-2025,La Liga,19,Alaves,Girona,0.0,1.0,1.3,1.0,0.0,0.5,-1.0,1.16,1.54,0.95,1.28,1.4,2.0,1.0,1.7,1.6,1.6,1.8,1.4,1.3,0.92,1.55,1.13,,,,,0.94,1.22,1.17,1.53,18,18,0.94,1.22,1.17,1.53,-0.23
2025-01-12,13:00,2024-2025,La Liga,19,Las Palmas,Getafe,1.0,2.0,1.3,2.0,1.0,1.1,-1.0,0.92,0.5,0.91,0.89,1.75,0.75,1.56,0.67,1.25,0.5,1.22,0.78,1.5,1.45,1.44,1.09,,,,,1.08,1.58,0.86,1.03,18,18,1.08,1.58,0.86,1.03,0.22
2025-01-12,16:15 (15:15),2024-2025,La Liga,19,Atletico Madrid,Osasuna,1.0,0.0,2.5,0.0,1.0,0.3,1.0,2.0,0.88,1.9,1.11,2.8,1.2,2.22,1.12,1.0,1.4,0.78,1.25,0.96,1.32,0.84,1.21,,,,,1.83,0.78,1.28,1.33,18,18,1.83,0.78,1.28,1.33,0.55
2025-01-13,21:00 (20:00),2024-2025,La Liga,19,Real Sociedad,Villarreal,,,,,,,,0.87,1.88,1.14,1.81,1.0,1.8,1.2,1.89,1.0,1.8,0.6,1.44,1.1,1.04,0.96,1.06,,,,,0.83,1.33,1.97,1.33,18,18,0.83,1.33,1.97,1.33,-1.14
2025-01-17,21:00 (20:00),2024-2025,La Liga,20,Espanyol,Valladolid,2.0,1.0,1.0,1.0,2.0,1.2,1.0,0.9,0.74,0.82,0.89,0.4,0.6,0.8,0.8,0.8,2.0,1.8,1.8,1.12,1.82,1.46,1.56,,,,,1.06,1.25,0.69,2.36,19,19,1.06,1.25,0.69,2.36,0.37
2025-01-18,18:30 (17:30),2024-2025,La Liga,20,Real Betis,Alaves,1.0,3.0,0.5,3.0,1.0,1.5,-1.0,1.68,1.24,1.61,1.01,1.25,1.2,1.44,1.0,1.25,1.4,1.44,1.6,1.48,1.08,1.68,1.33,,,,,1.58,1.28,0.94,1.22,19,19,1.58,1.28,0.94,1.22,0.64
2025-01-18,21:00 (20:00),2024-2025,La Liga,20,Getafe,Barcelona,1.0,1.0,1.3,1.0,1.0,2.3,0.0,0.62,2.9,0.92,2.74,0.75,1.8,0.78,2.38,0.75,1.6,0.78,1.5,1.5,1.12,1.2,1.25,,,,,0.86,1.03,2.72,1.06,19,19,0.86,1.03,2.72,1.06,-1.86
2025-01-18,14:00 (13:00),2024-2025,La Liga,20,Girona,Sevilla,1.0,2.0,1.0,2.0,1.0,2.6,-1.0,0.94,0.72,1.14,0.83,1.4,1.5,1.6,1.11,1.4,1.5,1.3,1.56,1.08,1.15,0.95,1.43,,,,,1.17,1.53,1.08,1.42,19,19,1.17,1.53,1.08,1.42,0.09
2025-01-18,16:15 (15:15),2024-2025,La Liga,20,Leganes,Atletico Madrid,1.0,0.0,0.5,0.0,1.0,2.4,1.0,1.04,2.18,0.87,1.96,1.0,2.6,1.3,2.1,2.0,0.8,2.0,0.7,1.9,0.84,1.92,0.79,,,,,1.03,1.39,1.83,0.78,19,19,1.03,1.39,1.83,0.78,-0.8
2025-01-19,16:15 (15:15),2024-2025,La Liga,20,Real Madrid,Las Palmas,,,,,,,,1.5,0.95,1.42,0.91,2.25,1.5,2.33,1.67,1.5,1.0,1.17,1.33,1.28,1.35,1.17,1.48,,,,,1.72,1.06,1.08,1.58,19,19,1.72,1.06,1.08,1.58,0.64
2025-01-19,14:00 (13:00),2024-2025,La Liga,20,Celta Vigo,Athletic Club,1.0,2.0,0.6,2.0,1.0,1.8,-1.0,1.42,1.12,1.54,1.4,1.2,1.8,1.2,1.6,1.2,0.8,1.5,0.7,0.68,0.84,0.96,0.69,,,,,1.56,1.5,1.5,0.78,19,19,1.56,1.5,1.5,0.78,0.06
2025-01-19,21:00 (20:00),2024-2025,La Liga,20,Valencia,Real Sociedad,1.0,0.0,1.6,0.0,1.0,0.8,1.0,1.26,1.05,1.27,1.14,1.0,1.5,1.3,1.2,1.4,1.0,1.6,0.6,1.5,1.0,1.39,0.96,,,,,1.17,1.39,0.83,1.33,19,19,1.17,1.39,0.83,1.33,0.34
2025-01-19,18:30 (17:30),2024-2025,La Liga,20,Osasuna,Rayo Vallecano,1.0,1.0,0.8,1.0,1.0,0.8,-1.0,0.74,1.12,1.11,1.15,0.8,1.6,1.0,1.1,1.2,1.2,1.25,1.3,1.32,1.52,1.42,1.34,,,,,1.28,1.33,1.06,1.17,19,19,1.28,1.33,1.06,1.17,0.22
2025-01-20,21:00 (20:00),2024-2025,La Liga,20,Villarreal,Mallorca,4.0,0.0,2.4,0.0,4.0,0.5,1.0,1.85,1.2,1.81,1.13,1.75,1.2,1.89,1.0,1.75,1.8,1.44,1.3,1.17,1.76,1.06,1.29,,,,,1.97,1.33,0.89,1.17,19,19,1.97,1.33,0.89,1.17,1.08
2025-01-24,20:00,2024-2025,La Liga,21,Las Palmas,Osasuna,1.0,1.0,0.8,1.0,1.0,2.6,-1.0,1.1,0.76,0.88,0.96,1.33,0.8,1.5,1.0,1.0,1.2,1.25,1.12,1.03,1.22,1.46,1.26,,,,,1.08,1.58,1.28,1.33,20,20,1.08,1.58,1.28,1.33,-0.2
2025-01-25,16:15 (15:15),2024-2025,La Liga,21,Atletico Madrid,Villarreal,1.0,1.0,1.7,1.0,1.0,2.2,0.0,1.86,2.25,1.76,1.98,1.6,2.75,1.8,2.22,1.0,1.25,0.7,1.33,0.82,1.0,0.81,0.9,,,,,1.83,0.78,1.97,1.33,20,20,1.83,0.78,1.97,1.33,-0.14
2025-01-25,21:00 (20:00),2024-2025,La Liga,21,Valladolid,Real Madrid,0.0,3.0,0.2,3.0,0.0,2.0,-1.0,0.86,1.43,0.77,1.56,0.8,2.67,0.6,2.4,1.4,1.33,1.8,1.2,1.22,1.1,1.61,1.04,,,,,0.69,2.36,1.72,1.06,20,20,0.69,2.36,1.72,1.06,-1.03
2025-01-25,18:30 (17:30),2024-2025,La Liga,21,Sevilla,Espanyol,1.0,1.0,1.2,1.0,1.0,0.7,-1.0,1.05,0.96,1.01,0.9,1.75,0.8,1.22,0.9,1.5,0.8,1.11,1.5,1.22,1.28,1.12,1.45,,,,,1.08,1.42,1.06,1.25,20,20,1.08,1.42,1.06,1.25,0.02
2025-01-25,14:00 (13:00),2024-2025,La Liga,21,Mallorca,Real Betis,0.0,1.0,1.0,1.0,0.0,0.4,-1.0,1.14,1.44,0.98,1.43,0.8,1.2,0.9,1.33,2.4,1.6,1.7,1.67,1.98,1.48,1.47,1.62,,,,,0.89,1.17,1.58,1.28,20,20,0.89,1.17,1.58,1.28,-0.69
2025-01-26,21:00 (20:00),2024-2025,La Liga,21,Barcelona,Valencia,7.0,1.0,4.4,1.0,7.0,1.5,1.0,2.9,1.42,2.55,1.27,1.8,1.2,1.88,1.2,1.4,1.2,1.5,1.3,1.28,1.54,1.29,1.35,,,,,2.72,1.06,1.17,1.39,20,20,2.72,1.06,1.17,1.39,1.55
2025-01-26,18:30 (17:30),2024-2025,La Liga,21,Athletic Club,Leganes,0.0,0.0,2.1,0.0,0.0,1.0,0.0,1.34,0.96,1.45,0.89,1.8,1.0,1.4,1.3,0.8,1.8,0.7,1.7,0.92,2.16,0.73,1.72,,,,,1.5,0.78,1.03,1.39,20,20,1.5,0.78,1.03,1.39,0.47
2025-01-26,14:00 (13:00),2024-2025,La Liga,21,Rayo Vallecano,Girona,2.0,1.0,2.4,1.0,2.0,1.0,1.0,1.1,1.04,1.17,1.2,1.6,1.2,1.2,1.7,1.4,1.4,1.3,1.4,1.42,1.2,1.22,1.04,,,,,1.06,1.17,1.17,1.53,20,20,1.06,1.17,1.17,1.53,-0.11
2025-01-26,16:15 (15:15),2024-2025,La Liga,21,Real Sociedad,Getafe,,,,,,,,0.97,0.76,0.96,0.86,1.0,0.8,1.0,0.78,1.0,0.8,0.8,0.78,1.2,1.66,1.2,1.36,,,,,0.83,1.33,0.86,1.03,20,20,0.83,1.33,0.86,1.03,-0.03
2025-01-27,21:00 (20:00),2024-2025,La Liga,21,Alaves,Celta Vigo,1.0,1.0,0.9,1.0,1.0,0.1,0.0,1.32,1.22,1.11,1.42,1.6,1.2,1.1,1.2,1.4,1.0,1.4,1.5,1.0,0.86,1.14,1.07,,,,,0.94,1.22,1.56,1.5,20,20,0.94,1.22,1.56,1.5,-0.62
2025-01-31,21:00 (20:00),2024-2025,La Liga,22,Leganes,Rayo Vallecano,0.0,1.0,0.9,1.0,0.0,2.2,-1.0,1.02,1.26,0.83,1.22,1.0,1.4,1.0,1.3,1.2,1.0,1.7,1.4,2.22,1.48,1.84,1.23,,,,,1.03,1.39,1.06,1.17,21,21,1.03,1.39,1.06,1.17,-0.03
2025-02-01,14:00 (13:00),2024-2025,La Liga,22,Getafe,Sevilla,0.0,0.0,1.0,0.0,0.0,0.9,0.0,0.85,1.25,0.69,1.06,0.75,1.25,0.75,1.11,1.0,0.75,0.75,1.22,1.9,0.9,1.44,1.07,,,,,0.86,1.03,1.08,1.42,21,21,0.86,1.03,1.08,1.42,-0.22
2025-02-01,18:30 (17:30),2024-2025,La Liga,22,Atletico Madrid,Mallorca,2.0,0.0,1.3,0.0,2.0,0.5,1.0,1.8,1.16,1.88,1.03,1.0,0.6,1.9,0.9,0.6,1.6,0.7,1.8,1.18,1.06,0.84,1.45,,,,,1.83,0.78,0.89,1.17,21,21,1.83,0.78,0.89,1.17,0.94
2025-02-01,21:00 (20:00),2024-2025,La Liga,22,Espanyol,Real Madrid,1.0,0.0,0.3,0.0,1.0,1.3,1.0,1.04,1.8,0.85,1.63,1.0,2.67,1.0,2.5,1.0,1.33,1.4,1.0,1.46,1.03,1.49,0.9,,,,,1.06,1.25,1.72,1.06,21,21,1.06,1.25,1.72,1.06,-0.66
2025-02-01,16:15 (15:15),2024-2025,La Liga,22,Villarreal,Valladolid,5.0,1.0,3.5,1.0,5.0,0.5,1.0,2.32,0.64,2.0,0.7,2.75,0.6,2.11,0.5,1.0,1.6,1.33,1.9,1.23,1.4,0.99,1.61,,,,,1.97,1.33,0.69,2.36,21,21,1.97,1.33,0.69,2.36,1.28
2025-02-02,21:00 (20:00),2024-2025,La Liga,22,Real Betis,Athletic Club,2.0,2.0,1.1,2.0,2.0,1.4,-1.0,0.9,1.4,1.27,1.6,1.0,1.4,1.33,1.4,1.2,0.6,1.67,0.7,1.3,0.78,1.68,0.78,,,,,1.58,1.28,1.5,0.78,21,21,1.58,1.28,1.5,0.78,0.08
2025-02-02,16:15 (15:15),2024-2025,La Liga,22,Valencia,Celta Vigo,2.0,1.0,1.6,1.0,2.0,0.4,1.0,1.32,1.06,1.35,1.34,1.2,1.0,1.2,1.3,2.4,1.2,1.9,1.3,2.0,0.88,1.57,1.0,,,,,1.17,1.39,1.56,1.5,21,21,1.17,1.39,1.56,1.5,-0.39
2025-02-02,18:30 (17:30),2024-2025,La Liga,22,Osasuna,Real Sociedad,2.0,1.0,0.7,1.0,2.0,2.0,1.0,0.92,0.55,1.14,0.96,0.6,0.0,1.0,1.0,1.0,1.5,1.11,0.8,1.12,1.45,1.21,1.2,,,,,1.28,1.33,0.83,1.33,21,21,1.28,1.33,0.83,1.33,0.45
2025-02-02,14:00 (13:00),2024-2025,La Liga,22,Barcelona,Alaves,1.0,0.0,1.0,0.0,1.0,0.1,1.0,2.78,1.24,2.76,1.11,2.2,1.4,2.44,1.2,1.4,1.2,1.44,1.4,1.4,0.66,1.31,0.96,,,,,2.72,1.06,0.94,1.22,21,21,2.72,1.06,0.94,1.22,1.78
2025-02-03,21:00 (20:00),2024-2025,La Liga,22,Girona,Las Palmas,2.0,1.0,2.0,1.0,2.0,1.5,1.0,1.16,1.0,1.24,0.86,1.4,1.0,1.8,1.5,1.2,1.0,1.5,1.38,1.5,1.47,1.19,1.71,,,,,1.17,1.53,1.08,1.58,21,21,1.17,1.53,1.08,1.58,0.09
2025-02-07,21:00 (20:00),2024-2025,La Liga,23,Rayo Vallecano,Valladolid,1.0,0.0,2.3,0.0,1.0,0.4,1.0,1.4,0.62,1.2,0.73,1.4,0.6,1.3,0.6,0.8,2.6,1.1,2.3,1.38,1.94,1.21,1.74,,,,,1.06,1.17,0.69,2.36,22,22,1.06,1.17,0.69,2.36,0.37
2025-02-08,21:00 (20:00),2024-2025,La Liga,23,Real Madrid,Atletico Madrid,,,,,,,,2.0,1.72,1.59,1.85,1.67,1.2,2.14,1.9,0.67,0.6,1.0,0.7,0.6,1.24,0.81,0.89,,,,,1.72,1.06,1.83,0.78,22,22,1.72,1.06,1.83,0.78,-0.11
2025-02-08,14:00 (13:00),2024-2025,La Liga,23,Celta Vigo,Real Betis,3.0,2.0,2.2,2.0,3.0,1.3,1.0,0.9,0.96,1.19,1.29,1.2,1.0,1.3,1.44,1.4,1.4,1.5,1.78,1.06,1.2,1.11,1.39,,,,,1.56,1.5,1.58,1.28,22,22,1.56,1.5,1.58,1.28,-0.02
2025-02-08,17:30,2024-2025,La Liga,23,Las Palmas,Villarreal,1.0,2.0,1.4,2.0,1.0,0.9,-1.0,1.12,2.85,1.05,2.22,1.0,3.75,1.62,2.33,1.25,1.0,1.38,1.44,1.6,0.98,1.76,0.99,,,,,1.08,1.58,1.97,1.33,22,22,1.08,1.58,1.97,1.33,-0.89
2025-02-08,16:15 (15:15),2024-2025,La Liga,23,Athletic Club,Girona,3.0,0.0,3.6,0.0,3.0,0.1,1.0,1.44,1.4,1.34,1.24,1.4,1.6,1.5,1.6,1.0,1.0,0.8,1.3,0.84,1.56,0.8,1.3,,,,,1.5,0.78,1.17,1.53,22,22,1.5,0.78,1.17,1.53,0.33
2025-02-09,14:00 (13:00),2024-2025,La Liga,23,Alaves,Getafe,0.0,1.0,1.4,1.0,0.0,0.9,-1.0,1.08,1.05,1.01,0.75,1.2,0.75,1.1,0.75,1.2,0.75,1.5,0.62,0.72,1.7,1.01,1.31,,,,,0.94,1.22,0.86,1.03,22,22,0.94,1.22,0.86,1.03,0.08
2025-02-09,21:00 (20:00),2024-2025,La Liga,23,Sevilla,Barcelona,1.0,4.0,0.7,4.0,1.0,1.9,-1.0,1.3,2.6,1.03,2.67,1.0,2.0,1.11,2.22,0.75,1.0,1.0,1.33,0.85,0.8,1.02,1.22,,,,,1.08,1.42,2.72,1.06,22,22,1.08,1.42,2.72,1.06,-1.64
2025-02-09,16:15 (15:15),2024-2025,La Liga,23,Valencia,Leganes,2.0,0.0,1.9,0.0,2.0,0.5,1.0,1.34,1.12,1.36,0.88,1.2,0.8,1.0,0.7,2.2,1.4,1.8,1.4,1.76,2.14,1.48,1.86,,,,,1.17,1.39,1.03,1.39,22,22,1.17,1.39,1.03,1.39,0.14
2025-02-09,18:30 (17:30),2024-2025,La Liga,23,Real Sociedad,Espanyol,,,,,,,,1.03,0.68,1.08,0.79,0.33,1.0,0.8,1.0,1.67,0.8,1.2,1.1,1.2,1.32,1.12,1.44,,,,,0.83,1.33,1.06,1.25,22,22,0.83,1.33,1.06,1.25,-0.23
2025-02-10,21:00 (20:00),2024-2025,La Liga,23,Mallorca,Osasuna,1.0,1.0,1.3,1.0,1.0,1.4,-1.0,1.1,1.0,1.03,0.98,0.6,1.0,0.9,1.11,1.6,1.2,1.9,1.22,1.14,1.46,1.47,1.41,,,,,0.89,1.17,1.28,1.33,22,22,0.89,1.17,1.28,1.33,-0.39
2025-02-14,21:00 (20:00),2024-2025,La Liga,24,Girona,Getafe,1.0,2.0,0.9,2.0,1.0,0.6,-1.0,0.92,1.08,1.23,0.79,1.0,1.0,1.5,0.88,1.6,0.5,1.6,0.5,2.28,1.48,1.6,1.46,,,,,1.17,1.53,0.86,1.03,23,23,1.17,1.53,0.86,1.03,0.31
2025-02-15,14:00 (13:00),2024-2025,La Liga,24,Leganes,Alaves,3.0,3.0,1.8,3.0,3.0,1.7,0.0,0.98,1.04,0.82,1.1,0.4,0.8,0.6,1.1,0.8,1.0,1.6,1.3,1.86,0.6,1.99,0.95,,,,,1.03,1.39,0.94,1.22,23,23,1.03,1.39,0.94,1.22,0.09
2025-02-15,21:00 (20:00),2024-2025,La Liga,24,Villarreal,Valencia,1.0,1.0,1.3,1.0,1.0,1.1,-1.0,2.25,1.46,2.04,1.42,3.0,1.4,2.33,1.1,0.75,1.8,1.33,1.6,1.02,1.32,1.03,1.45,,,,,1.97,1.33,1.17,1.39,23,23,1.97,1.33,1.17,1.39,0.8
2025-02-15,18:30 (17:30),2024-2025,La Liga,24,Atletico Madrid,Celta Vigo,1.0,1.0,0.6,1.0,1.0,1.7,0.0,1.97,1.08,1.99,1.29,1.0,1.4,2.0,1.4,0.5,1.8,0.78,1.5,0.88,1.26,0.92,1.08,,,,,1.83,0.78,1.56,1.5,23,23,1.83,0.78,1.56,1.5,0.27
2025-02-15,16:15 (15:15),2024-2025,La Liga,24,Osasuna,Real Madrid,1.0,1.0,1.4,1.0,1.0,1.4,-1.0,1.16,2.0,1.02,1.55,1.0,1.67,1.1,2.0,1.0,0.67,1.2,1.17,1.48,0.6,1.4,0.93,,,,,1.28,1.33,1.72,1.06,23,23,1.28,1.33,1.72,1.06,-0.44
2025-02-16,14:00 (13:00),2024-2025,La Liga,24,Espanyol,Athletic Club,1.0,1.0,0.8,1.0,1.0,1.0,-1.0,0.68,2.02,0.82,1.58,1.25,1.8,1.0,1.7,0.75,0.8,0.78,0.7,1.42,0.68,1.21,0.75,,,,,1.06,1.25,1.5,0.78,23,23,1.06,1.25,1.5,0.78,-0.44
2025-02-16,21:00 (20:00),2024-2025,La Liga,24,Real Betis,Real Sociedad,3.0,0.0,2.3,0.0,3.0,0.3,1.0,0.8,1.4,1.26,1.08,1.2,0.5,1.44,0.8,1.8,1.5,1.89,1.2,1.46,1.15,1.5,1.12,,,,,1.58,1.28,0.83,1.33,23,23,1.58,1.28,0.83,1.33,0.75
2025-02-16,18:30 (17:30),2024-2025,La Liga,24,Mallorca,Las Palmas,3.0,1.0,1.7,1.0,3.0,0.8,1.0,1.12,1.25,1.1,1.09,0.4,1.0,1.0,1.38,1.6,1.75,1.9,1.5,1.26,1.65,1.55,1.58,,,,,0.89,1.17,1.08,1.58,23,23,0.89,1.17,1.08,1.58,-0.19
2025-02-16,16:15 (15:15),2024-2025,La Liga,24,Valladolid,Sevilla,0.0,4.0,0.5,4.0,0.0,1.1,-1.0,0.7,1.18,0.71,1.04,0.6,1.0,0.5,1.22,2.2,1.4,2.3,1.33,1.9,1.06,1.85,1.11,,,,,0.69,2.36,1.08,1.42,23,23,0.69,2.36,1.08,1.42,-0.39
2025-02-17,21:00 (20:00),2024-2025,La Liga,24,Barcelona,Rayo Vallecano,1.0,0.0,2.3,0.0,1.0,1.0,1.0,2.46,1.68,2.59,1.35,2.8,1.4,2.4,1.4,1.0,0.6,1.3,1.0,0.86,1.04,1.17,1.14,,,,,2.72,1.06,1.06,1.17,23,23,2.72,1.06,1.06,1.17,1.66
2025-02-21,21:00 (20:00),2024-2025,La Liga,25,Celta Vigo,Osasuna,1.0,0.0,1.8,0.0,1.0,1.2,1.0,1.0,1.38,1.21,1.06,1.4,1.2,1.3,1.0,1.6,1.0,1.4,1.1,1.24,1.26,0.96,1.29,,,,,1.56,1.5,1.28,1.33,24,24,1.56,1.5,1.28,1.33,0.28
2025-02-22,16:15 (15:15),2024-2025,La Liga,25,Rayo Vallecano,Villarreal,0.0,1.0,0.6,1.0,0.0,0.6,-1.0,1.74,2.06,1.43,1.97,1.0,2.6,1.3,2.22,0.6,0.8,0.9,1.22,1.08,1.04,1.3,1.1,,,,,1.06,1.17,1.97,1.33,24,24,1.06,1.17,1.97,1.33,-0.91
2025-02-22,20:00,2024-2025,La Liga,25,Las Palmas,Barcelona,0.0,2.0,0.4,2.0,0.0,1.4,-1.0,1.12,2.38,1.04,2.64,1.0,2.8,1.25,2.3,2.0,0.6,1.5,1.1,1.8,0.92,1.58,1.02,,,,,1.08,1.58,2.72,1.06,24,24,1.08,1.58,2.72,1.06,-1.64
2025-02-22,18:30 (17:30),2024-2025,La Liga,25,Valencia,Atletico Madrid,0.0,3.0,0.8,3.0,0.0,1.3,-1.0,1.54,1.5,1.4,1.88,1.4,1.0,1.2,1.89,1.8,0.75,1.6,0.78,1.48,1.23,1.49,1.01,,,,,1.17,1.39,1.83,0.78,24,24,1.17,1.39,1.83,0.78,-0.66
2025-02-22,14:00 (13:00),2024-2025,La Liga,25,Alaves,Espanyol,0.0,1.0,1.8,1.0,0.0,0.4,-1.0,1.12,0.7,1.18,0.81,1.4,1.25,1.3,0.78,1.4,0.75,1.4,0.78,0.86,1.18,0.97,1.14,,,,,0.94,1.22,1.06,1.25,24,24,0.94,1.22,1.06,1.25,-0.12
2025-02-23,18:30 (17:30),2024-2025,La Liga,25,Getafe,Real Betis,1.0,2.0,1.2,2.0,1.0,2.0,-1.0,0.95,1.12,0.79,1.37,1.0,1.8,0.88,1.56,0.5,1.6,0.62,1.44,1.38,1.28,1.44,1.37,,,,,0.86,1.03,1.58,1.28,24,24,0.86,1.03,1.58,1.28,-0.72
2025-02-23,16:15 (15:15),2024-2025,La Liga,25,Real Madrid,Girona,,,,,,,,1.57,1.0,1.53,0.97,1.33,1.0,1.86,1.2,0.67,2.0,1.14,1.7,0.63,2.14,1.0,1.61,,,,,1.72,1.06,1.17,1.53,24,24,1.72,1.06,1.17,1.53,0.55
2025-02-23,21:00 (20:00),2024-2025,La Liga,25,Real Sociedad,Leganes,,,,,,,,1.03,0.94,1.04,0.99,0.33,0.8,0.8,0.9,2.0,1.2,1.6,1.6,1.53,2.06,1.32,1.98,,,,,0.83,1.33,1.03,1.39,24,24,0.83,1.33,1.03,1.39,-0.2
2025-02-23,14:00 (13:00),2024-2025,La Liga,25,Athletic Club,Valladolid,7.0,1.0,3.8,1.0,7.0,0.5,1.0,1.98,0.56,1.55,0.65,1.6,0.4,1.7,0.5,0.8,3.0,0.8,2.5,0.72,1.98,0.78,1.9,,,,,1.5,0.78,0.69,2.36,24,24,1.5,0.78,0.69,2.36,0.81
2025-02-24,21:00 (20:00),2024-2025,La Liga,25,Sevilla,Mallorca,1.0,1.0,1.3,1.0,1.0,2.3,-1.0,1.3,1.0,1.04,1.1,1.6,0.8,1.56,1.0,1.2,1.8,1.33,1.8,1.02,1.26,1.08,1.51,,,,,1.08,1.42,0.89,1.17,24,24,1.08,1.42,0.89,1.17,0.19
2025-02-28,21:00 (20:00),2024-2025,La Liga,26,Valladolid,Las Palmas,1.0,1.0,1.8,1.0,1.0,0.2,-1.0,0.42,0.98,0.64,1.03,0.4,0.8,0.6,1.0,4.0,2.0,2.7,1.62,2.54,1.72,1.88,1.46,,,,,0.69,2.36,1.08,1.58,25,25,0.69,2.36,1.08,1.58,-0.39
2025-03-01,18:30 (17:30),2024-2025,La Liga,26,Real Betis,Real Madrid,2.0,1.0,2.4,1.0,2.0,0.9,1.0,1.42,1.57,1.43,1.5,2.0,1.33,1.6,2.0,1.2,0.67,1.4,1.0,1.22,0.63,1.35,0.87,,,,,1.58,1.28,1.72,1.06,25,25,1.58,1.28,1.72,1.06,-0.14
2025-03-01,16:15 (15:15),2024-2025,La Liga,26,Rayo Vallecano,Sevilla,1.0,1.0,2.8,1.0,1.0,0.6,-1.0,1.7,1.04,1.4,1.04,0.8,1.4,1.2,1.56,0.6,1.2,1.0,1.33,1.04,1.28,1.23,1.26,,,,,1.06,1.17,1.08,1.42,25,25,1.06,1.17,1.08,1.42,-0.02
2025-03-01,14:00 (13:00),2024-2025,La Liga,26,Girona,Celta Vigo,2.0,2.0,0.7,2.0,2.0,1.8,0.0,1.0,1.24,1.02,1.23,1.0,1.4,1.11,1.3,2.0,1.2,1.67,1.1,2.02,1.12,1.57,0.99,,,,,1.17,1.53,1.56,1.5,25,25,1.17,1.53,1.56,1.5,-0.39
2025-03-01,21:00 (20:00),2024-2025,La Liga,26,Atletico Madrid,Athletic Club,1.0,0.0,2.2,0.0,1.0,1.1,1.0,1.22,2.38,1.58,1.86,1.75,2.6,1.67,2.2,0.5,0.8,0.78,0.8,1.3,0.7,1.03,0.81,,,,,1.83,0.78,1.5,0.78,25,25,1.83,0.78,1.5,0.78,0.33
2025-03-02,16:15 (15:15),2024-2025,La Liga,26,Barcelona,Real Sociedad,4.0,0.0,2.8,0.0,4.0,0.0,1.0,2.2,1.15,2.55,1.04,3.0,0.5,2.4,0.8,0.4,2.5,0.9,1.6,0.74,1.5,1.01,1.32,,,,,2.72,1.06,0.83,1.33,25,25,2.72,1.06,0.83,1.33,1.89
2025-03-02,18:30 (17:30),2024-2025,La Liga,26,Mallorca,Alaves,1.0,1.0,1.1,1.0,1.0,1.6,-1.0,1.36,1.18,1.25,1.25,1.0,0.8,0.9,1.2,1.2,1.4,1.8,1.4,1.04,0.84,1.51,0.92,,,,,0.89,1.17,0.94,1.22,25,25,0.89,1.17,0.94,1.22,-0.05
2025-03-02,14:00 (13:00),2024-2025,La Liga,26,Leganes,Getafe,1.0,0.0,1.0,0.0,1.0,0.3,1.0,1.05,0.92,1.0,0.83,0.75,1.0,0.89,0.89,1.5,0.75,1.67,0.78,1.98,1.3,2.08,1.5,,,,,1.03,1.39,0.86,1.03,25,25,1.03,1.39,0.86,1.03,0.17
2025-03-02,21:00 (20:00),2024-2025,La Liga,26,Osasuna,Valencia,3.0,3.0,1.5,3.0,3.0,1.7,-1.0,1.46,1.38,1.11,1.4,1.0,1.2,0.9,1.2,1.0,2.4,1.1,1.8,1.46,1.58,1.34,1.56,,,,,1.28,1.33,1.17,1.39,25,25,1.28,1.33,1.17,1.39,0.11
2025-03-08,14:00 (13:00),2024-2025,La Liga,27,Celta Vigo,Leganes,2.0,1.0,0.9,1.0,2.0,1.0,1.0,1.58,1.05,1.32,1.03,1.6,1.0,1.3,1.0,1.4,1.5,1.3,1.33,1.08,1.52,0.98,1.91,,,,,1.56,1.5,1.03,1.39,26,26,1.56,1.5,1.03,1.39,0.53
2025-03-08,16:15 (15:15),2024-2025,La Liga,27,Alaves,Villarreal,1.0,0.0,1.0,0.0,1.0,2.8,1.0,1.32,1.7,1.28,1.94,0.8,2.0,1.1,2.33,1.4,0.8,1.3,1.0,1.04,1.06,0.85,1.03,,,,,0.94,1.22,1.97,1.33,26,25,0.94,1.22,1.97,1.33,-1.03
2025-03-08,18:30 (17:30),2024-2025,La Liga,27,Valencia,Valladolid,2.0,1.0,1.9,1.0,2.0,0.9,1.0,1.42,0.74,1.37,0.69,1.6,0.6,1.4,0.6,1.6,3.6,2.0,2.6,1.0,2.18,1.5,1.79,,,,,1.17,1.39,0.69,2.36,26,26,1.17,1.39,0.69,2.36,0.48
2025-03-09,18:30 (17:30),2024-2025,La Liga,27,Real Betis,Las Palmas,1.0,0.0,2.3,0.0,1.0,0.6,1.0,1.82,0.86,1.36,0.91,2.2,0.8,1.6,0.88,1.4,2.0,1.3,1.62,1.2,1.56,1.25,1.52,,,,,1.58,1.28,1.08,1.58,26,26,1.58,1.28,1.08,1.58,0.5
2025-03-09,18:30 (17:30),2024-2025,La Liga,27,Athletic Club,Mallorca,1.0,1.0,0.7,1.0,1.0,0.5,0.0,2.18,1.38,1.79,1.27,2.6,1.2,2.0,0.9,1.0,1.2,0.8,1.4,0.94,1.28,0.86,1.17,,,,,1.5,0.78,0.89,1.17,26,26,1.5,0.78,0.89,1.17,0.61
2025-03-09,14:00 (13:00),2024-2025,La Liga,27,Getafe,Atletico Madrid,2.0,1.0,1.2,1.0,2.0,0.9,1.0,0.8,1.35,0.82,1.6,0.8,1.75,0.78,1.33,0.8,0.25,0.89,0.44,1.24,1.03,1.53,1.11,,,,,0.86,1.03,1.83,0.78,26,26,0.86,1.03,1.83,0.78,-0.97
2025-03-09,21:00 (20:00),2024-2025,La Liga,27,Real Sociedad,Sevilla,,,,,,,,0.77,0.92,0.68,1.07,0.33,1.4,0.2,1.33,3.0,1.2,2.4,1.0,1.93,1.7,1.74,1.34,,,,,0.83,1.33,1.08,1.42,26,26,0.83,1.33,1.08,1.42,-0.25
2025-03-09,16:15 (15:15),2024-2025,La Liga,27,Real Madrid,Rayo Vallecano,,,,,,,,1.2,1.78,1.5,1.52,0.67,0.6,1.67,1.0,1.33,0.6,1.33,0.8,1.37,0.96,1.2,1.22,,,,,1.72,1.06,1.06,1.17,26,26,1.72,1.06,1.06,1.17,0.66
2025-03-10,21:00 (20:00),2024-2025,La Liga,27,Espanyol,Girona,1.0,1.0,0.2,1.0,1.0,1.6,-1.0,0.55,0.92,0.78,1.06,1.0,1.25,0.89,1.33,0.5,2.0,0.67,1.56,1.32,1.88,1.3,1.67,,,,,1.06,1.25,1.17,1.53,25,26,1.06,1.25,1.17,1.53,-0.11
2025-03-14,20:00,2024-2025,La Liga,28,Las Palmas,Alaves,2.0,2.0,1.8,2.0,2.0,1.7,-1.0,0.68,1.5,0.88,1.29,0.6,1.0,0.78,1.1,1.8,1.2,1.56,1.2,1.62,1.4,1.61,1.06,,,,,1.08,1.58,0.94,1.22,27,27,1.08,1.58,0.94,1.22,0.14
2025-03-15,21:00 (20:00),2024-2025,La Liga,28,Girona,Valencia,1.0,1.0,0.9,1.0,1.0,1.0,0.0,0.82,1.48,1.14,1.41,1.0,1.6,1.33,1.4,2.0,1.6,1.44,1.9,1.55,1.1,1.56,1.43,,,,,1.17,1.53,1.17,1.39,27,27,1.17,1.53,1.17,1.39,0.0
2025-03-15,14:00 (13:00),2024-2025,La Liga,28,Valladolid,Celta Vigo,0.0,1.0,0.7,1.0,0.0,1.5,-1.0,0.82,1.68,0.72,1.29,0.6,1.8,0.6,1.5,3.0,1.2,2.8,1.3,1.86,0.96,1.9,1.01,,,,,0.69,2.36,1.56,1.5,27,27,0.69,2.36,1.56,1.5,-0.87
2025-03-15,16:15 (15:15),2024-2025,La Liga,28,Mallorca,Espanyol,2.0,1.0,2.7,1.0,2.0,0.2,1.0,1.38,0.43,1.24,0.77,1.4,1.0,1.0,1.0,1.0,0.5,1.3,0.78,1.16,1.42,1.15,1.44,,,,,0.89,1.17,1.06,1.25,27,26,0.89,1.17,1.06,1.25,-0.17
2025-03-15,18:30 (17:30),2024-2025,La Liga,28,Villarreal,Real Madrid,1.0,2.0,1.6,2.0,1.0,1.1,-1.0,1.82,1.15,2.04,1.66,1.8,1.0,2.22,1.4,0.8,1.5,0.89,1.0,0.92,1.9,1.06,1.12,,,,,1.97,1.33,1.72,1.06,26,27,1.97,1.33,1.72,1.06,0.25
2025-03-16,18:30 (17:30),2024-2025,La Liga,28,Osasuna,Getafe,1.0,2.0,1.9,2.0,1.0,0.5,-1.0,1.24,0.84,1.08,0.93,1.4,1.2,1.0,1.0,1.4,1.0,1.2,0.89,1.64,1.24,1.38,1.44,,,,,1.28,1.33,0.86,1.03,26,27,1.28,1.33,0.86,1.03,0.42
2025-03-16,14:00 (13:00),2024-2025,La Liga,28,Leganes,Real Betis,2.0,3.0,1.3,3.0,2.0,2.7,-1.0,1.08,2.06,1.1,1.51,1.25,2.0,1.0,1.5,1.75,1.0,1.56,1.2,1.2,1.04,1.72,1.12,,,,,1.03,1.39,1.58,1.28,27,27,1.03,1.39,1.58,1.28,-0.55
2025-03-16,16:15 (15:15),2024-2025,La Liga,28,Sevilla,Athletic Club,0.0,1.0,0.5,1.0,0.0,1.3,-1.0,0.92,2.04,1.11,1.74,1.75,2.4,1.38,1.9,1.5,0.8,1.12,0.9,1.88,0.82,1.36,0.83,,,,,1.08,1.42,1.5,0.78,27,27,1.08,1.42,1.5,0.78,-0.42
2025-03-16,18:30 (17:30),2024-2025,La Liga,28,Rayo Vallecano,Real Sociedad,2.0,2.0,0.6,2.0,2.0,0.6,-1.0,1.67,0.15,1.52,0.68,0.5,0.0,1.0,0.2,0.75,3.5,0.78,2.4,0.97,2.55,1.2,1.74,,,,,1.06,1.17,0.83,1.33,27,27,1.06,1.17,0.83,1.33,0.23
2025-03-16,21:00 (20:00),2024-2025,La Liga,28,Atletico Madrid,Barcelona,2.0,4.0,1.4,4.0,2.0,1.3,-1.0,1.25,1.88,1.51,2.33,1.5,2.4,1.33,2.3,0.75,0.2,0.67,0.8,1.2,0.44,1.22,0.92,,,,,1.83,0.78,2.72,1.06,27,26,1.83,0.78,2.72,1.06,-0.89
2025-03-27,21:00 (20:00),2024-2025,La Liga,27,Barcelona,Osasuna,3.0,0.0,3.7,0.0,3.0,0.4,1.0,1.94,1.48,2.27,1.24,3.0,1.2,2.5,1.1,0.6,1.6,0.8,1.4,0.7,1.34,0.75,1.4,,,,,2.72,1.06,1.28,1.33,27,27,2.72,1.06,1.28,1.33,1.44
2025-03-29,14:00 (13:00),2024-2025,La Liga,29,Real Sociedad,Valladolid,,,,,,,,0.3,0.88,0.74,0.79,0.67,0.6,0.6,0.6,3.0,3.0,2.4,2.6,1.9,1.7,1.6,1.8,,,,,0.83,1.33,0.69,2.36,28,28,0.83,1.33,0.69,2.36,0.14
2025-03-29,21:00 (20:00),2024-2025,La Liga,29,Real Madrid,Leganes,,,,,,,,1.13,1.28,1.57,1.11,1.33,1.75,1.5,1.0,1.33,2.0,1.0,1.33,1.8,1.4,1.2,1.66,,,,,1.72,1.06,1.03,1.39,28,28,1.72,1.06,1.03,1.39,0.69
2025-03-29,18:30 (17:30),2024-2025,La Liga,29,Alaves,Rayo Vallecano,0.0,2.0,1.5,2.0,0.0,0.6,-1.0,1.56,1.25,1.3,1.49,1.4,0.75,1.1,1.11,1.4,1.25,1.2,0.89,1.58,1.02,1.09,1.03,,,,,0.94,1.22,1.06,1.17,28,28,0.94,1.22,1.06,1.17,-0.12
2025-03-29,16:15 (15:15),2024-2025,La Liga,29,Espanyol,Atletico Madrid,1.0,1.0,1.0,1.0,1.0,0.8,-1.0,0.4,1.28,0.56,1.59,1.0,1.6,1.0,1.33,1.0,1.4,0.89,1.0,1.78,1.22,1.52,1.07,,,,,1.06,1.25,1.83,0.78,27,28,1.06,1.25,1.83,0.78,-0.77
2025-03-30,16:15 (14:15),2024-2025,La Liga,29,Barcelona,Girona,4.0,1.0,2.3,1.0,4.0,0.5,1.0,2.3,1.02,2.38,0.97,2.8,1.25,2.8,1.11,0.4,1.5,0.7,1.56,0.64,0.9,0.75,1.67,,,,,2.72,1.06,1.17,1.53,28,28,2.72,1.06,1.17,1.53,1.55
2025-03-30,18:30 (16:30),2024-2025,La Liga,29,Valencia,Mallorca,1.0,0.0,0.7,0.0,1.0,0.6,1.0,1.3,1.66,1.38,1.39,1.4,1.6,1.4,1.0,1.8,1.0,1.8,1.3,1.18,0.92,1.25,1.09,,,,,1.17,1.39,0.89,1.17,28,28,1.17,1.39,0.89,1.17,0.28
2025-03-30,18:30 (16:30),2024-2025,La Liga,29,Athletic Club,Osasuna,0.0,0.0,0.7,0.0,0.0,0.4,0.0,1.58,1.28,1.8,1.22,2.0,1.0,1.9,1.0,0.8,2.0,0.8,1.5,0.9,1.82,0.79,1.65,,,,,1.5,0.78,1.28,1.33,28,28,1.5,0.78,1.28,1.33,0.22
2025-03-30,21:00 (19:00),2024-2025,La Liga,29,Real Betis,Sevilla,2.0,1.0,1.1,1.0,2.0,0.7,1.0,2.34,0.87,1.57,1.04,2.2,1.5,1.7,1.22,0.8,0.75,1.3,1.11,0.86,1.72,1.16,1.36,,,,,1.58,1.28,1.08,1.42,28,28,1.58,1.28,1.08,1.42,0.5
2025-03-30,14:00 (12:00),2024-2025,La Liga,29,Getafe,Villarreal,1.0,2.0,1.0,2.0,1.0,1.2,-1.0,0.76,1.44,0.9,2.07,1.4,1.0,1.22,2.22,1.2,1.0,0.89,1.0,1.34,1.04,1.4,1.01,,,,,0.86,1.03,1.97,1.33,28,27,0.86,1.03,1.97,1.33,-1.11
2025-03-31,21:00 (19:00),2024-2025,La Liga,29,Celta Vigo,Las Palmas,1.0,1.0,1.0,1.0,1.0,0.3,-1.0,1.54,0.76,1.31,0.98,1.4,0.8,1.4,0.89,0.8,1.8,1.3,1.78,0.84,1.78,1.05,1.72,,,,,1.56,1.5,1.08,1.58,28,28,1.56,1.5,1.08,1.58,0.48
2025-04-04,21:00 (19:00),2024-2025,La Liga,30,Rayo Vallecano,Espanyol,0.0,4.0,0.7,4.0,0.0,3.4,-1.0,1.15,0.52,1.48,0.59,1.25,1.0,1.11,1.11,1.0,1.0,0.78,0.89,0.82,1.58,0.97,1.51,,,,,1.06,1.17,1.06,1.25,29,28,1.06,1.17,1.06,1.25,0.0
2025-04-05,21:00 (19:00),2024-2025,La Liga,30,Barcelona,Real Betis,1.0,1.0,1.4,1.0,1.0,0.3,-1.0,2.3,2.1,2.34,1.61,3.4,2.0,3.1,1.9,0.6,1.0,0.6,1.3,0.54,0.94,0.73,1.11,,,,,2.72,1.06,1.58,1.28,29,29,2.72,1.06,1.58,1.28,1.14
2025-04-05,14:00 (12:00),2024-2025,La Liga,30,Girona,Alaves,0.0,1.0,1.4,1.0,0.0,0.8,-1.0,0.92,1.52,0.97,1.32,1.25,0.8,1.11,1.1,2.0,1.2,2.0,1.3,1.32,1.34,1.78,1.1,,,,,1.17,1.53,0.94,1.22,29,29,1.17,1.53,0.94,1.22,0.23
2025-04-05,16:15 (14:15),2024-2025,La Liga,30,Real Madrid,Valencia,,,,,,,,1.0,1.22,1.34,1.38,1.5,1.4,1.4,1.4,1.5,1.6,1.0,1.7,2.0,1.04,1.18,1.26,,,,,1.72,1.06,1.17,1.39,29,29,1.72,1.06,1.17,1.39,0.55
2025-04-05,18:30 (16:30),2024-2025,La Liga,30,Mallorca,Celta Vigo,1.0,2.0,0.5,2.0,1.0,0.8,-1.0,1.44,1.4,1.22,1.2,1.0,1.4,0.9,1.4,1.0,0.8,1.4,1.2,0.9,0.78,1.08,1.01,,,,,0.89,1.17,1.56,1.5,29,29,0.89,1.17,1.56,1.5,-0.67
2025-04-06,13:00 (12:00),2024-2025,La Liga,30,Las Palmas,Real Sociedad,1.0,3.0,2.0,3.0,1.0,2.4,-1.0,0.66,0.3,0.87,0.74,0.8,1.0,0.89,0.6,1.4,3.0,1.67,2.4,1.64,1.7,1.71,1.6,,,,,1.08,1.58,0.83,1.33,29,29,1.08,1.58,0.83,1.33,0.25
2025-04-06,16:15 (14:15),2024-2025,La Liga,30,Sevilla,Atletico Madrid,1.0,2.0,0.9,2.0,1.0,1.3,-1.0,0.77,1.32,1.07,1.4,0.75,1.6,1.22,1.33,1.25,1.4,1.22,1.11,1.88,1.08,1.4,1.14,,,,,1.08,1.42,1.83,0.78,29,29,1.08,1.42,1.83,0.78,-0.75
2025-04-06,18:30 (16:30),2024-2025,La Liga,30,Valladolid,Getafe,0.0,4.0,0.6,4.0,0.0,1.9,-1.0,0.98,0.84,0.74,0.89,0.75,1.2,0.56,1.11,2.75,1.4,2.89,1.0,1.85,1.4,1.92,1.39,,,,,0.69,2.36,0.86,1.03,29,29,0.69,2.36,0.86,1.03,-0.17
2025-04-06,21:00 (19:00),2024-2025,La Liga,30,Villarreal,Athletic Club,0.0,0.0,2.1,0.0,0.0,0.8,-1.0,1.5,1.52,1.83,1.75,1.0,1.8,1.89,1.7,1.0,0.6,0.89,0.7,0.96,0.82,0.99,0.77,,,,,1.97,1.33,1.5,0.78,28,29,1.97,1.33,1.5,0.78,0.47
2025-04-07,21:00 (19:00),2024-2025,La Liga,30,Leganes,Osasuna,1.0,1.0,1.7,1.0,1.0,2.2,0.0,1.1,1.08,1.0,1.23,1.33,0.8,1.0,1.0,1.67,1.8,1.38,1.4,1.3,1.68,1.78,1.47,,,,,1.03,1.39,1.28,1.33,29,29,1.03,1.39,1.28,1.33,-0.25
2025-04-11,21:00 (19:00),2024-2025,La Liga,31,Valencia,Sevilla,1.0,0.0,1.3,0.0,1.0,0.8,1.0,1.32,0.67,1.36,0.88,1.75,0.75,1.44,1.11,1.25,1.5,1.89,1.33,0.98,1.62,1.31,1.43,,,,,1.17,1.39,1.08,1.42,30,30,1.17,1.39,1.08,1.42,0.09
2025-04-12,14:00 (12:00),2024-2025,La Liga,31,Real Sociedad,Mallorca,,,,,,,,1.0,1.08,1.06,1.22,1.67,1.0,1.2,1.0,2.33,1.2,2.4,1.2,1.8,0.8,1.68,0.92,,,,,0.83,1.33,0.89,1.17,30,30,0.83,1.33,0.89,1.17,-0.06
2025-04-12,16:15 (14:15),2024-2025,La Liga,31,Getafe,Las Palmas,1.0,3.0,1.4,3.0,1.0,1.3,-1.0,0.98,0.98,0.96,0.98,1.8,1.0,1.44,0.9,1.0,1.6,0.89,1.8,1.12,1.84,1.2,1.78,,,,,0.86,1.03,1.08,1.58,30,30,0.86,1.03,1.08,1.58,-0.22
2025-04-12,21:00 (19:00),2024-2025,La Liga,31,Leganes,Barcelona,0.0,1.0,0.7,1.0,0.0,1.4,-1.0,1.25,2.3,1.15,2.25,1.25,3.2,1.0,3.1,1.5,0.8,1.5,0.6,1.52,0.52,1.75,0.63,,,,,1.03,1.39,2.72,1.06,30,30,1.03,1.39,2.72,1.06,-1.69
2025-04-12,18:30 (16:30),2024-2025,La Liga,31,Celta Vigo,Espanyol,0.0,2.0,0.9,2.0,0.0,1.2,-1.0,1.2,1.04,1.22,0.89,1.6,1.6,1.5,1.44,1.0,0.8,1.1,0.78,0.64,1.52,0.88,1.37,,,,,1.56,1.5,1.06,1.25,30,29,1.56,1.5,1.06,1.25,0.5
2025-04-13,14:00 (12:00),2024-2025,La Liga,31,Osasuna,Girona,2.0,1.0,1.7,1.0,2.0,0.9,1.0,1.28,1.02,1.37,1.01,1.0,1.0,1.0,1.0,1.8,1.8,1.4,1.89,1.66,1.22,1.56,1.58,,,,,1.28,1.33,1.17,1.53,30,30,1.28,1.33,1.17,1.53,0.11
2025-04-13,18:30 (16:30),2024-2025,La Liga,31,Real Betis,Villarreal,1.0,2.0,1.4,2.0,1.0,1.3,-1.0,1.76,1.66,1.59,1.86,1.8,0.8,1.9,1.7,1.0,0.8,1.1,0.8,0.98,0.9,1.1,0.97,,,,,1.58,1.28,1.97,1.33,30,29,1.58,1.28,1.97,1.33,-0.39
2025-04-13,21:00 (19:00),2024-2025,La Liga,31,Athletic Club,Rayo Vallecano,3.0,1.0,1.6,1.0,3.0,1.6,1.0,0.92,1.17,1.65,1.47,0.4,1.25,1.5,1.0,0.4,1.75,0.6,1.11,1.14,1.52,0.92,1.26,,,,,1.5,0.78,1.06,1.17,30,30,1.5,0.78,1.06,1.17,0.44
2025-04-13,16:15 (14:15),2024-2025,La Liga,31,Alaves,Real Madrid,0.0,1.0,0.6,1.0,0.0,0.9,-1.0,1.32,1.0,1.25,1.34,1.0,1.5,0.9,1.4,1.0,1.5,1.2,1.0,1.54,2.0,1.19,1.18,,,,,0.94,1.22,1.72,1.06,30,30,0.94,1.22,1.72,1.06,-0.78
2025-04-14,21:00 (19:00),2024-2025,La Liga,31,Atletico Madrid,Valladolid,4.0,2.0,3.4,2.0,4.0,1.2,1.0,1.32,1.0,1.28,0.68,1.4,0.5,1.56,0.44,1.6,2.0,1.11,3.11,1.1,1.38,1.19,2.02,,,,,1.83,0.78,0.69,2.36,30,30,1.83,0.78,0.69,2.36,1.14
2025-04-18,21:00 (19:00),2024-2025,La Liga,32,Espanyol,Getafe,1.0,0.0,0.4,0.0,1.0,0.4,1.0,1.2,1.2,0.91,1.0,1.8,2.0,1.44,1.4,0.8,1.4,0.67,1.1,1.34,1.18,1.33,1.21,,,,,1.06,1.25,0.86,1.03,30,31,1.06,1.25,0.86,1.03,0.2
2025-04-19,20:00 (19:00),2024-2025,La Liga,32,Las Palmas,Atletico Madrid,1.0,0.0,0.6,0.0,1.0,0.8,1.0,1.2,1.56,1.03,1.47,1.4,2.0,1.1,1.89,1.6,2.0,1.8,1.22,1.76,1.12,1.66,1.08,,,,,1.08,1.58,1.83,0.78,31,31,1.08,1.58,1.83,0.78,-0.75
2025-04-19,18:30 (16:30),2024-2025,La Liga,32,Mallorca,Leganes,0.0,0.0,0.9,0.0,0.0,0.9,-1.0,1.08,1.18,1.24,1.11,1.0,1.0,1.11,1.0,1.25,1.75,1.22,1.62,0.6,1.8,0.98,1.66,,,,,0.89,1.17,1.03,1.39,31,31,0.89,1.17,1.03,1.39,-0.14
2025-04-19,14:00 (12:00),2024-2025,La Liga,32,Rayo Vallecano,Valencia,1.0,1.0,0.5,1.0,1.0,2.0,-1.0,0.88,1.22,1.38,1.33,1.25,1.25,0.89,1.44,2.25,0.5,1.33,1.11,1.78,0.8,1.32,0.91,,,,,1.06,1.17,1.17,1.39,31,31,1.06,1.17,1.17,1.39,-0.11
2025-04-19,16:15 (14:15),2024-2025,La Liga,32,Barcelona,Celta Vigo,4.0,3.0,2.9,3.0,4.0,2.1,1.0,2.02,1.02,1.95,1.3,2.6,1.2,2.5,1.4,0.8,1.0,0.5,1.2,0.66,0.74,0.55,0.91,,,,,2.72,1.06,1.56,1.5,31,31,2.72,1.06,1.56,1.5,1.16
2025-04-20,16:15 (14:15),2024-2025,La Liga,32,Villarreal,Real Sociedad,2.0,2.0,1.9,2.0,2.0,1.7,-1.0,1.8,1.5,1.75,1.06,1.0,2.5,1.5,1.2,1.0,1.5,0.9,2.4,1.06,1.3,1.06,1.68,,,,,1.97,1.33,0.83,1.33,30,31,1.97,1.33,0.83,1.33,1.14
2025-04-20,18:30 (16:30),2024-2025,La Liga,32,Sevilla,Alaves,1.0,1.0,1.6,1.0,1.0,1.0,-1.0,0.72,1.12,0.83,1.22,0.5,0.8,1.0,0.8,1.5,1.0,1.33,1.2,1.25,1.5,1.5,1.27,,,,,1.08,1.42,0.94,1.22,31,31,1.08,1.42,0.94,1.22,0.14
2025-04-20,14:00 (12:00),2024-2025,La Liga,32,Valladolid,Osasuna,2.0,3.0,1.9,3.0,2.0,2.3,-1.0,0.85,1.32,0.79,1.28,0.75,0.8,0.67,1.1,2.75,1.4,3.22,1.4,2.17,1.5,2.18,1.57,,,,,0.69,2.36,1.28,1.33,31,31,0.69,2.36,1.28,1.33,-0.59
2025-04-20,21:00 (19:00),2024-2025,La Liga,32,Real Madrid,Athletic Club,,,,,,,,1.0,1.02,1.12,1.6,1.5,1.0,1.0,1.8,0.5,0.4,1.0,0.7,1.1,1.02,1.26,0.98,,,,,1.72,1.06,1.5,0.78,31,31,1.72,1.06,1.5,0.78,0.22
2025-04-21,21:00 (19:00),2024-2025,La Liga,32,Girona,Real Betis,1.0,3.0,1.1,3.0,1.0,1.7,-1.0,1.06,1.56,1.0,1.69,0.8,1.6,1.0,1.9,1.8,1.2,1.89,1.3,1.2,1.06,1.5,1.13,,,,,1.17,1.53,1.58,1.28,31,31,1.17,1.53,1.58,1.28,-0.41
2025-04-22,19:00 (17:00),2024-2025,La Liga,33,Valencia,Espanyol,1.0,1.0,0.9,1.0,1.0,0.3,-1.0,1.25,1.24,1.38,0.88,1.0,1.8,1.33,1.44,0.5,0.6,1.11,0.56,0.7,1.1,0.92,1.24,,,,,1.17,1.39,1.06,1.25,32,31,1.17,1.39,1.06,1.25,0.11
2025-04-22,21:30 (19:30),2024-2025,La Liga,33,Barcelona,Mallorca,1.0,0.0,3.3,0.0,1.0,0.3,1.0,2.34,1.18,2.14,1.29,2.6,0.75,2.8,1.11,1.0,1.0,0.8,1.0,0.8,0.65,0.75,0.93,,,,,2.72,1.06,0.89,1.17,32,32,2.72,1.06,0.89,1.17,1.83
2025-04-23,21:30 (19:30),2024-2025,La Liga,33,Getafe,Real Madrid,0.0,1.0,2.3,1.0,0.0,1.5,-1.0,1.04,1.0,0.94,1.08,1.6,1.5,1.4,1.25,1.4,0.5,1.2,1.0,1.08,1.1,1.16,1.5,,,,,0.86,1.03,1.72,1.06,32,32,0.86,1.03,1.72,1.06,-0.86
2025-04-23,21:30 (19:30),2024-2025,La Liga,33,Alaves,Real Sociedad,1.0,0.0,0.6,0.0,1.0,0.8,1.0,1.12,1.57,1.31,1.0,0.8,2.33,0.9,1.4,1.2,1.67,1.2,2.4,1.26,1.5,1.33,1.92,,,,,0.94,1.22,0.83,1.33,32,32,0.94,1.22,0.83,1.33,0.11
2025-04-23,19:00 (17:00),2024-2025,La Liga,33,Celta Vigo,Villarreal,3.0,0.0,2.7,0.0,3.0,0.4,1.0,1.26,1.62,1.47,1.72,1.4,1.4,1.6,1.6,1.6,1.2,1.4,1.0,1.12,1.2,1.04,1.06,,,,,1.56,1.5,1.97,1.33,32,31,1.56,1.5,1.97,1.33,-0.41
2025-04-23,19:00 (17:00),2024-2025,La Liga,33,Athletic Club,Las Palmas,1.0,0.0,2.1,0.0,1.0,1.0,1.0,1.1,1.2,1.62,0.94,1.0,1.6,1.78,1.1,0.25,1.4,0.56,1.6,1.15,1.46,0.97,1.54,,,,,1.5,0.78,1.08,1.58,32,32,1.5,0.78,1.08,1.58,0.42
2025-04-24,19:00 (17:00),2024-2025,La Liga,33,Osasuna,Sevilla,1.0,0.0,0.3,0.0,1.0,1.1,1.0,1.4,0.9,1.44,0.91,1.2,0.6,1.2,1.11,1.4,1.4,1.5,1.44,1.78,1.2,1.56,1.5,,,,,1.28,1.33,1.08,1.42,32,32,1.28,1.33,1.08,1.42,0.2
2025-04-24,21:30 (19:30),2024-2025,La Liga,33,Atletico Madrid,Rayo Vallecano,3.0,0.0,2.3,0.0,3.0,0.7,1.0,1.54,0.8,1.41,1.19,1.8,1.2,1.67,0.89,1.8,2.0,1.33,1.44,1.0,1.82,1.09,1.44,,,,,1.83,0.78,1.06,1.17,32,32,1.83,0.78,1.06,1.17,0.77
2025-04-24,21:30 (19:30),2024-2025,La Liga,33,Real Betis,Valladolid,5.0,1.0,1.9,1.0,5.0,0.9,1.0,1.44,1.1,1.75,0.94,2.0,1.0,2.0,0.78,1.4,3.0,1.2,3.0,1.16,2.28,1.1,2.04,,,,,1.58,1.28,0.69,2.36,32,32,1.58,1.28,0.69,2.36,0.89
2025-04-24,19:00 (17:00),2024-2025,La Liga,33,Leganes,Girona,1.0,1.0,0.3,1.0,1.0,0.5,0.0,1.15,0.96,1.11,0.9,0.75,0.8,1.0,0.89,1.25,2.2,1.5,2.11,1.8,1.5,1.5,1.52,,,,,1.03,1.39,1.17,1.53,32,32,1.03,1.39,1.17,1.53,-0.14
2025-04-27,16:15 (14:15),2024-2025,La Liga,26,Villarreal,Espanyol,1.0,0.0,1.4,0.0,1.0,1.0,1.0,1.38,1.26,1.41,0.88,1.2,1.8,1.1,1.44,1.4,0.4,1.2,0.67,1.52,0.74,1.28,1.2,,,,,1.97,1.33,1.06,1.25,32,32,1.97,1.33,1.06,1.25,0.91
2025-05-02,21:00 (19:00),2024-2025,La Liga,34,Rayo Vallecano,Getafe,1.0,0.0,1.2,0.0,1.0,0.9,1.0,0.82,1.4,1.01,1.08,0.8,1.2,0.78,1.3,2.2,1.4,1.78,1.3,2.16,1.0,1.66,1.17,,,,,1.06,1.17,0.86,1.03,33,33,1.06,1.17,0.86,1.03,0.2
2025-05-03,16:15 (14:15),2024-2025,La Liga,34,Villarreal,Osasuna,4.0,2.0,2.2,2.0,4.0,1.2,1.0,1.42,1.38,1.46,1.33,1.0,1.4,1.0,1.2,1.2,0.8,1.1,1.4,1.52,1.26,1.24,1.54,,,,,1.97,1.33,1.28,1.33,33,33,1.97,1.33,1.28,1.33,0.69
2025-05-03,17:30 (16:30),2024-2025,La Liga,34,Las Palmas,Valencia,2.0,3.0,1.7,3.0,2.0,1.4,-1.0,1.04,1.23,0.9,1.27,1.2,1.0,1.0,1.22,1.2,0.5,1.5,1.22,1.54,0.55,1.66,0.9,,,,,1.08,1.58,1.17,1.39,33,33,1.08,1.58,1.17,1.39,-0.09
2025-05-03,21:00 (19:00),2024-2025,La Liga,34,Valladolid,Barcelona,1.0,2.0,0.6,2.0,1.0,1.9,-1.0,1.15,2.26,1.0,2.28,1.25,2.2,0.89,2.5,4.0,1.0,3.44,0.7,2.38,0.78,2.0,0.71,,,,,0.69,2.36,2.72,1.06,33,33,0.69,2.36,2.72,1.06,-2.03
2025-05-03,14:00 (12:00),2024-2025,La Liga,34,Alaves,Atletico Madrid,0.0,0.0,0.5,0.0,0.0,0.5,0.0,0.9,1.72,1.23,1.5,0.6,2.0,1.0,1.8,0.8,1.0,1.1,1.2,1.06,0.88,1.32,1.05,,,,,0.94,1.22,1.83,0.78,33,33,0.94,1.22,1.83,0.78,-0.89
2025-05-04,21:00 (19:00),2024-2025,La Liga,34,Real Sociedad,Athletic Club,,,,,,,,1.63,1.3,0.97,1.46,1.67,1.0,1.17,1.56,1.33,0.25,2.17,0.56,1.5,1.27,1.7,1.07,,,,,0.83,1.33,1.5,0.78,33,33,0.83,1.33,1.5,0.78,-0.67
2025-05-04,14:00 (12:00),2024-2025,La Liga,34,Real Madrid,Celta Vigo,,,,,,,,1.2,1.5,1.16,1.52,1.0,1.8,1.2,1.6,0.0,1.6,0.8,1.2,1.45,1.06,1.66,0.95,,,,,1.72,1.06,1.56,1.5,33,33,1.72,1.06,1.56,1.5,0.16
2025-05-04,18:30 (16:30),2024-2025,La Liga,34,Espanyol,Real Betis,1.0,2.0,1.2,2.0,1.0,1.1,-1.0,1.26,1.28,0.89,1.81,1.6,2.4,1.3,2.3,0.4,1.2,0.7,1.0,0.86,1.08,1.22,0.97,,,,,1.06,1.25,1.58,1.28,33,33,1.06,1.25,1.58,1.28,-0.52
2025-05-04,16:15 (14:15),2024-2025,La Liga,34,Sevilla,Leganes,2.0,2.0,2.7,2.0,2.0,0.6,-1.0,1.02,0.9,0.96,1.09,0.6,0.5,1.0,1.12,1.4,0.75,1.11,1.38,1.0,1.25,1.32,1.33,,,,,1.08,1.42,1.03,1.39,33,33,1.08,1.42,1.03,1.39,0.05
2025-05-05,21:00 (19:00),2024-2025,La Liga,34,Girona,Mallorca,1.0,0.0,1.3,0.0,1.0,0.5,1.0,0.88,0.57,0.94,1.18,0.8,0.25,1.0,1.0,2.2,1.0,1.89,1.0,1.36,1.42,1.16,1.14,,,,,1.17,1.53,0.89,1.17,33,33,1.17,1.53,0.89,1.17,0.28
2025-05-09,20:00 (19:00),2024-2025,La Liga,35,Las Palmas,Rayo Vallecano,0.0,1.0,0.7,1.0,0.0,1.2,-1.0,1.32,0.94,0.99,1.03,1.4,0.6,1.1,0.89,1.6,2.2,1.5,1.67,1.62,2.04,1.63,1.5,,,,,1.08,1.58,1.06,1.17,34,34,1.08,1.58,1.06,1.17,0.02
2025-05-10,18:30 (16:30),2024-2025,La Liga,35,Mallorca,Valladolid,2.0,1.0,1.0,1.0,2.0,1.8,1.0,0.55,1.04,1.04,1.01,0.25,1.2,0.67,1.0,1.0,3.6,1.0,3.22,1.58,2.28,1.2,2.09,,,,,0.89,1.17,0.69,2.36,34,34,0.89,1.17,0.69,2.36,0.2
2025-05-10,14:00 (12:00),2024-2025,La Liga,35,Valencia,Getafe,3.0,0.0,2.7,0.0,3.0,0.5,1.0,1.4,1.38,1.3,1.11,1.5,1.0,1.44,1.1,1.0,1.2,1.33,1.3,0.82,1.0,0.94,1.2,,,,,1.17,1.39,0.86,1.03,34,34,1.17,1.39,0.86,1.03,0.31
2025-05-10,18:30 (16:30),2024-2025,La Liga,35,Girona,Villarreal,0.0,1.0,0.2,1.0,0.0,2.0,-1.0,1.04,1.44,0.99,1.55,0.8,1.8,1.0,1.3,1.4,1.6,1.67,1.2,1.0,1.6,1.14,1.25,,,,,1.17,1.53,1.97,1.33,34,34,1.17,1.53,1.97,1.33,-0.8
2025-05-10,21:00 (19:00),2024-2025,La Liga,35,Atletico Madrid,Real Sociedad,4.0,0.0,1.4,0.0,4.0,0.6,1.0,1.66,1.63,1.49,1.1,1.8,1.67,1.7,1.4,0.8,1.33,1.1,2.0,0.78,1.5,0.93,1.58,,,,,1.83,0.78,0.83,1.33,34,34,1.83,0.78,0.83,1.33,1.0
2025-05-10,16:15 (14:15),2024-2025,La Liga,35,Celta Vigo,Sevilla,3.0,2.0,0.9,2.0,3.0,2.3,1.0,1.62,1.42,1.5,1.13,2.0,0.8,1.67,0.78,1.75,1.4,1.22,1.33,1.25,0.9,0.99,1.33,,,,,1.56,1.5,1.08,1.42,34,34,1.56,1.5,1.08,1.42,0.48
2025-05-11,18:30 (16:30),2024-2025,La Liga,35,Athletic Club,Alaves,1.0,0.0,1.3,0.0,1.0,0.4,1.0,1.5,0.7,1.51,1.11,1.33,0.6,1.62,0.7,0.33,0.4,0.5,0.8,1.57,1.04,1.1,1.19,,,,,1.5,0.78,0.94,1.22,34,34,1.5,0.78,0.94,1.22,0.56
2025-05-11,21:00 (19:00),2024-2025,La Liga,35,Real Betis,Osasuna,1.0,1.0,0.4,1.0,1.0,2.0,-1.0,1.28,1.54,1.69,1.31,2.4,1.8,2.2,1.3,1.2,1.6,1.1,1.7,1.18,1.56,1.06,1.62,,,,,1.58,1.28,1.28,1.33,34,34,1.58,1.28,1.28,1.33,0.3
2025-05-11,16:15 (14:15),2024-2025,La Liga,35,Barcelona,Real Madrid,4.0,3.0,4.2,3.0,4.0,2.7,1.0,2.18,1.2,2.24,1.1,1.8,1.0,2.6,1.25,1.0,0.0,0.8,0.75,0.8,1.45,0.67,1.73,,,,,2.72,1.06,1.72,1.06,34,34,2.72,1.06,1.72,1.06,1.0
2025-05-11,14:00 (12:00),2024-2025,La Liga,35,Leganes,Espanyol,3.0,2.0,1.5,2.0,3.0,1.2,1.0,0.84,0.82,0.94,0.93,0.8,1.0,1.0,1.3,1.0,0.8,1.25,0.8,1.54,0.94,1.45,1.23,,,,,1.03,1.39,1.06,1.25,34,34,1.03,1.39,1.06,1.25,-0.03
2025-05-13,19:00 (17:00),2024-2025,La Liga,36,Valladolid,Girona,0.0,1.0,0.9,1.0,0.0,1.4,-1.0,1.28,0.8,1.16,0.91,1.4,0.8,1.0,0.9,3.2,1.4,2.67,1.6,2.1,1.24,1.78,1.23,,,,,0.69,2.36,1.17,1.53,35,35,0.69,2.36,1.17,1.53,-0.48
2025-05-13,20:00 (18:00),2024-2025,La Liga,36,Real Sociedad,Celta Vigo,,,,,,,,1.03,1.65,1.02,1.4,0.67,2.25,1.17,1.89,2.33,2.0,2.33,1.44,1.3,1.7,1.55,1.11,,,,,0.83,1.33,1.56,1.5,35,35,0.83,1.33,1.56,1.5,-0.73
2025-05-13,21:30 (19:30),2024-2025,La Liga,36,Sevilla,Las Palmas,1.0,0.0,1.3,0.0,1.0,0.5,1.0,1.7,1.06,1.24,1.02,1.0,1.2,0.89,1.1,1.6,1.2,1.56,1.4,0.82,1.38,1.18,1.61,,,,,1.08,1.42,1.08,1.58,35,35,1.08,1.42,1.08,1.58,0.0
2025-05-14,21:30 (19:30),2024-2025,La Liga,36,Real Madrid,Mallorca,,,,,,,,1.7,0.68,1.42,0.9,1.67,0.5,1.6,0.78,1.33,0.75,1.4,1.0,2.37,1.82,2.22,1.26,,,,,1.72,1.06,0.89,1.17,35,35,1.72,1.06,0.89,1.17,0.83
2025-05-14,19:00 (17:00),2024-2025,La Liga,36,Villarreal,Leganes,3.0,0.0,1.6,0.0,3.0,1.1,1.0,1.58,0.8,1.69,1.0,1.6,1.2,1.3,1.22,1.4,1.2,1.2,1.33,1.36,1.34,1.21,1.42,,,,,1.97,1.33,1.03,1.39,35,35,1.97,1.33,1.03,1.39,0.94
2025-05-14,19:00 (17:00),2024-2025,La Liga,36,Alaves,Valencia,1.0,0.0,1.8,0.0,1.0,0.8,1.0,0.62,1.66,0.97,1.51,0.4,1.8,0.7,1.78,0.6,0.8,0.8,1.0,1.02,0.76,1.28,0.86,,,,,0.94,1.22,1.17,1.39,35,35,0.94,1.22,1.17,1.39,-0.23
2025-05-15,21:30 (19:30),2024-2025,La Liga,36,Espanyol,Barcelona,0.0,2.0,1.4,2.0,0.0,0.6,-1.0,0.82,2.74,1.01,2.52,1.0,2.4,1.4,2.8,1.4,1.4,1.1,1.1,1.06,1.28,1.2,0.9,,,,,1.06,1.25,2.72,1.06,35,35,1.06,1.25,2.72,1.06,-1.66
2025-05-15,19:00 (17:00),2024-2025,La Liga,36,Osasuna,Atletico Madrid,2.0,0.0,0.6,0.0,2.0,1.4,1.0,1.5,1.68,1.39,1.5,1.8,2.2,1.4,1.8,1.6,0.6,1.7,1.1,1.3,0.72,1.48,0.91,,,,,1.28,1.33,1.83,0.78,35,35,1.28,1.33,1.83,0.78,-0.55
2025-05-15,19:00 (17:00),2024-2025,La Liga,36,Rayo Vallecano,Real Betis,2.0,2.0,1.2,2.0,2.0,1.2,-1.0,1.04,1.3,1.1,1.53,0.8,2.4,1.0,2.1,1.4,1.2,1.56,1.1,1.5,1.3,1.51,1.14,,,,,1.06,1.17,1.58,1.28,35,35,1.06,1.17,1.58,1.28,-0.52
2025-05-15,21:30 (19:30),2024-2025,La Liga,36,Getafe,Athletic Club,0.0,2.0,0.4,2.0,0.0,1.2,-1.0,1.1,1.67,1.04,1.2,0.2,1.67,1.0,0.88,1.8,0.33,1.4,0.38,1.42,1.0,1.27,1.09,,,,,0.86,1.03,1.5,0.78,35,35,0.86,1.03,1.5,0.78,-0.64
2025-05-18,19:00 (17:00),2024-2025,La Liga,37,Valladolid,Alaves,0.0,1.0,1.6,1.0,0.0,1.4,-1.0,1.22,0.86,1.06,0.99,1.0,0.6,0.89,0.7,2.6,0.4,2.67,0.7,1.7,1.0,1.91,1.25,,,,,0.69,2.36,0.94,1.22,36,36,0.69,2.36,0.94,1.22,-0.25
2025-05-18,19:00 (17:00),2024-2025,La Liga,37,Celta Vigo,Rayo Vallecano,1.0,2.0,2.4,2.0,1.0,1.2,-1.0,1.9,0.96,1.35,0.92,3.0,1.0,1.88,1.11,2.0,1.2,1.38,1.67,1.87,1.42,1.16,1.58,,,,,1.56,1.5,1.06,1.17,36,36,1.56,1.5,1.06,1.17,0.5
2025-05-18,18:00 (17:00),2024-2025,La Liga,37,Las Palmas,Leganes,0.0,1.0,0.6,1.0,0.0,1.5,-1.0,0.9,0.88,1.05,1.01,0.6,1.2,1.0,1.11,1.2,1.6,1.4,1.67,1.36,1.38,1.56,1.57,,,,,1.08,1.58,1.03,1.39,36,36,1.08,1.58,1.03,1.39,0.05
2025-05-18,19:00 (17:00),2024-2025,La Liga,37,Barcelona,Villarreal,2.0,3.0,1.4,3.0,2.0,1.8,-1.0,2.58,1.52,2.3,1.57,2.6,1.8,2.6,1.6,1.4,1.0,1.1,1.1,1.42,1.24,1.04,1.22,,,,,2.72,1.06,1.97,1.33,36,36,2.72,1.06,1.97,1.33,0.75
2025-05-18,19:00 (17:00),2024-2025,La Liga,37,Valencia,Athletic Club,0.0,1.0,0.4,1.0,0.0,1.1,-1.0,1.56,1.53,1.41,1.21,1.6,1.33,1.44,1.12,1.0,0.0,0.78,0.25,0.96,0.6,0.89,0.86,,,,,1.17,1.39,1.5,0.78,36,36,1.17,1.39,1.5,0.78,-0.33
2025-05-18,19:00 (17:00),2024-2025,La Liga,37,Real Sociedad,Girona,,,,,,,,1.03,0.9,1.22,0.98,0.67,0.8,1.4,0.8,2.33,1.0,2.0,1.4,1.3,1.08,1.3,1.14,,,,,0.83,1.33,1.17,1.53,36,36,0.83,1.33,1.17,1.53,-0.34
2025-05-18,19:00 (17:00),2024-2025,La Liga,37,Osasuna,Espanyol,2.0,0.0,1.2,0.0,2.0,0.7,1.0,1.28,1.02,1.3,1.13,1.8,0.8,1.3,1.3,1.4,1.8,1.4,1.2,1.4,1.1,1.45,1.1,,,,,1.28,1.33,1.06,1.25,36,36,1.28,1.33,1.06,1.25,0.22
2025-05-18,19:00 (17:00),2024-2025,La Liga,37,Sevilla,Real Madrid,0.0,2.0,0.5,2.0,0.0,2.0,-1.0,1.8,2.1,1.32,1.55,1.2,2.0,0.89,1.75,1.4,2.0,1.44,1.25,0.66,3.25,0.92,2.18,,,,,1.08,1.42,1.72,1.06,36,36,1.08,1.42,1.72,1.06,-0.64
2025-05-18,19:00 (17:00),2024-2025,La Liga,37,Atletico Madrid,Real Betis,4.0,1.0,4.8,1.0,4.0,0.9,1.0,1.28,1.26,1.42,1.41,1.4,2.6,1.7,2.1,0.6,1.2,1.3,1.2,0.6,1.28,0.86,1.17,,,,,1.83,0.78,1.58,1.28,36,36,1.83,0.78,1.58,1.28,0.25
2025-05-18,19:00 (17:00),2024-2025,La Liga,37,Mallorca,Getafe,1.0,2.0,0.4,2.0,1.0,1.6,-1.0,0.68,0.9,0.88,1.05,0.5,0.0,0.75,1.0,0.75,1.6,1.0,1.5,1.82,1.4,1.21,1.29,,,,,0.89,1.17,0.86,1.03,36,36,0.89,1.17,0.86,1.03,0.03
2025-05-23,21:00 (19:00),2024-2025,La Liga,38,Real Betis,Valencia,1.0,1.0,0.9,1.0,1.0,0.7,-1.0,1.1,1.24,1.27,1.24,2.2,1.4,2.1,1.22,1.8,1.0,1.6,0.78,2.02,1.08,1.59,0.91,,,,,1.58,1.28,1.17,1.39,37,37,1.58,1.28,1.17,1.39,0.41
2025-05-24,18:30 (16:30),2024-2025,La Liga,38,Leganes,Valladolid,3.0,0.0,2.1,0.0,3.0,0.4,1.0,1.0,1.16,1.07,1.13,1.4,0.6,1.11,0.78,1.6,2.2,1.44,2.56,1.32,1.52,1.53,1.86,,,,,1.03,1.39,0.69,2.36,37,37,1.03,1.39,0.69,2.36,0.34
2025-05-24,16:15 (14:15),2024-2025,La Liga,38,Real Madrid,Real Sociedad,,,,,,,,2.07,0.7,1.64,1.22,2.0,0.0,1.8,1.4,1.33,2.5,1.0,2.0,2.33,1.0,1.84,1.3,,,,,1.72,1.06,0.83,1.33,37,37,1.72,1.06,0.83,1.33,0.89
2025-05-24,21:00 (19:00),2024-2025,La Liga,38,Rayo Vallecano,Mallorca,0.0,0.0,2.2,0.0,0.0,0.6,-1.0,1.1,0.55,0.95,0.86,1.2,0.75,1.2,0.75,1.2,1.25,1.6,1.12,1.5,2.0,1.66,1.32,,,,,1.06,1.17,0.89,1.17,37,37,1.06,1.17,0.89,1.17,0.17
2025-05-24,18:30 (16:30),2024-2025,La Liga,38,Espanyol,Las Palmas,2.0,0.0,2.0,0.0,2.0,0.5,1.0,1.1,0.9,1.18,1.05,0.6,0.4,1.2,1.0,2.0,1.4,1.2,1.4,1.16,1.5,0.95,1.48,,,,,1.06,1.25,1.08,1.58,37,37,1.06,1.25,1.08,1.58,-0.02
2025-05-24,21:00 (19:00),2024-2025,La Liga,38,Alaves,Osasuna,1.0,1.0,2.0,1.0,1.0,1.6,0.0,0.94,1.06,1.03,1.23,0.6,1.6,0.7,1.4,0.2,1.0,0.7,1.2,1.0,1.16,1.13,1.47,,,,,0.94,1.22,1.28,1.33,37,37,0.94,1.22,1.28,1.33,-0.34
2025-05-24,21:00 (19:00),2024-2025,La Liga,38,Getafe,Celta Vigo,1.0,2.0,0.4,2.0,1.0,1.5,-1.0,1.14,2.0,1.09,1.54,0.4,2.33,1.0,1.75,1.6,1.33,1.5,1.5,1.4,1.3,1.24,1.19,,,,,0.86,1.03,1.56,1.5,37,37,0.86,1.03,1.56,1.5,-0.7
2025-05-25,14:00 (12:00),2024-2025,La Liga,38,Girona,Atletico Madrid,0.0,4.0,0.0,4.0,0.0,2.7,-1.0,0.85,2.08,0.91,1.81,0.75,2.2,0.78,2.0,0.5,0.6,1.44,1.2,0.92,0.66,1.24,0.83,,,,,1.17,1.53,1.83,0.78,37,37,1.17,1.53,1.83,0.78,-0.66
2025-05-25,16:15 (14:15),2024-2025,La Liga,38,Villarreal,Sevilla,4.0,2.0,1.1,2.0,4.0,1.5,1.0,1.8,1.58,1.59,1.24,2.4,1.0,1.8,0.8,0.8,1.6,1.1,1.5,0.98,0.86,1.25,1.03,,,,,1.97,1.33,1.08,1.42,37,37,1.97,1.33,1.08,1.42,0.89
2025-05-25,21:00 (19:00),2024-2025,La Liga,38,Athletic Club,Barcelona,0.0,3.0,1.2,3.0,0.0,3.5,-1.0,1.42,2.28,1.26,2.31,1.25,2.2,1.12,2.4,0.0,1.4,0.12,1.2,0.55,1.36,0.85,1.08,,,,,1.5,0.78,2.72,1.06,37,37,1.5,0.78,2.72,1.06,-1.22
